Date,Julian,Station,Standard,ZipCodes,Scope,Tavg,DayAirTmpAvg.Qc,Tmax,DayAirTmpMax.Qc,Tmin,DayAirTmpMin.Qc,Tdew,DayDewPnt.Qc,ETo,DayEto.Qc,Pr,DayPrecip.Qc,RHavg,DayRelHumAvg.Qc,DayRelHumMax.Value,DayRelHumMax.Qc,RHmin,DayRelHumMin.Qc,DaySoilTmpAvg.Value,DaySoilTmpAvg.Qc,DaySolRadAvg.Value,DaySolRadAvg.Qc,DayVapPresAvg.Value,DayVapPresAvg.Qc,DayWindRun.Value,DayWindRun.Qc,DayWindSpdAvg.Value,DayWindSpdAvg.Qc,ETo_avg,Tmax_avg,Tmin_avg,RHmin_avg,Tdew_avg,dT,bT,aT,Tmax_corr,Tmin_corr,Tdew_corr,AI,Tmax_diff,Tmin_diff,Tdew_diff,Tmax_diff_avg,Tmin_diff_avg,Tdew_diff_avg,Lat,Long,Month,Year,month,year,Tavg_mean,Mean_Corrections
2014-09-01,244,2,metric,93624,daily,26.0, ,35.7, ,15.5, ,7.6, ,6.54, ,0.0, ,31.0, ,56.0, ,16.0, ,24.7, ,294.0, ,1.0, ,166.1, ,1.9, ,4.734904109589041,26.549041095890416,10.02054794520548,30.983561643835618,6.024109589041096,7.9,0.3,2.5,34.080000000000005,13.88,11.38,0.1008540480488821,-1.6199999999999974,-1.620000000000001,3.78,-1.071,-1.0710000000000002,2.499,36.336222,-120.11291,9,2014,9,2014,24.26,"24.26,-1.07,2.5"
2014-09-01,244,5,metric,"93263, 93280, 93388",daily,25.2, ,34.7, ,14.9, ,11.8, ,5.83, ,0.0, ,43.0, ,79.0, ,22.0, ,25.7, ,281.0, ,1.4, ,117.8, ,1.4, ,4.002767123287671,24.78657534246576,8.465479452054796,34.487671232876714,7.608539944903581,3.1,0.3,2.5,34.7,14.9,11.8,0.0788358738133209,0.0,0.0,0.0,0.0,0.0,0.0,35.532556,-119.28179,9,2014,9,2014,23.64,"23.64,0.0,0.0"
2014-09-01,244,6,metric,"95618, 95617, 95616",daily,25.7, ,37.4, ,15.2, ,10.8, ,6.44, ,0.0, ,39.0, ,74.0, ,18.0, ,23.3, ,274.0, ,1.3, ,189.1, ,2.2, ,4.108657534246575,25.10383561643836,10.07917808219178,38.465753424657535,8.565384615384616,4.399999999999999,0.3,1.5,36.53,14.33,12.83,0.3117373271274822,-0.8699999999999974,-0.8699999999999992,2.03,-0.0279999999999997,-0.028,0.0653333333333333,38.535694,-121.77636,9,2014,9,2014,21.863333333333337,"21.86,-0.03,0.07"
2014-09-01,244,7,metric,"93622, 93665, 93620",daily,25.9, ,35.4, ,16.1, ,15.0, ,5.53, ,0.2,R,51.0, ,74.0, ,36.0, ,24.6, ,279.0, ,1.7, ,105.4, ,1.2, ,3.785150684931507,26.08054794520548,10.489010989010987,46.05479452054794,10.668611111111112,1.1000000000000014,0.3,2.5,35.82,16.52,14.02,0.1292722824592133,0.4200000000000017,0.4199999999999981,-0.9799999999999986,0.8550000000000001,0.8549999999999996,-1.995,36.851222,-120.59092,9,2014,9,2014,23.379999999999995,"23.38,0.86,-2.0"
2014-09-01,244,12,metric,"95974, 95958, 95938",daily,24.2, ,37.9, ,14.1, ,13.8, ,5.25, ,0.0, ,52.0, ,95.0, ,20.0, ,24.1, ,263.0, ,1.6, ,101.0, ,1.2, ,3.4412876712328764,26.11519337016575,9.484722222222222,42.11570247933884,10.58257142857143,0.2999999999999989,0.3,1.5,38.26,14.46,12.96,0.4426262973080072,0.3599999999999994,0.3600000000000012,-0.8399999999999999,0.7839999999999994,0.7840000000000001,-1.8293333333333333,39.608639,-121.82443,9,2014,9,2014,20.956666666666667,"20.96,0.78,-1.83"
2014-09-01,244,13,metric,"95667, 95709",daily,25.2, ,32.2, ,17.8, ,3.1, ,6.86, ,0.0, ,24.0, ,36.0, ,15.0, ,18.8, ,288.0, ,0.8, ,221.2, ,2.6, ,4.179890410958904,21.55178082191781,10.255647382920111,33.38356164383562,3.2791780821917804,14.7,0.3,0.5,27.940000000000005,13.54,13.04,0.5957421706015759,-4.259999999999998,-4.26,9.94,-2.79,-2.79,6.51,38.753136,-120.7336,9,2014,9,2014,21.44666666666667,"21.45,-2.79,6.51"
2014-09-01,244,15,metric,"93246, 93245, 93234, 93202, 93266",daily,27.0, ,36.1, ,16.7, ,10.2, ,6.42, ,0.0, ,35.0, ,57.0, ,22.0, ,22.4, ,289.0, ,1.2, ,142.3, ,1.6, ,4.6359452054794525,27.23780821917808,10.484931506849316,32.35890410958904,7.230958904109589,6.5,0.3,2.5,36.1,16.7,10.2,0.0776540670874405,0.0,0.0,0.0,0.0,0.0,0.0,36.157972,-119.85143,9,2014,9,2014,25.139999999999997,"25.14,0.0,0.0"
2014-09-01,244,35,metric,"93515, 93514, 93513, 93512",daily,23.3, ,35.0, ,8.3, ,1.1, ,6.2, ,0.0, ,23.0, ,67.0, ,11.0, ,25.3,Y,315.0,R,0.7, ,127.1, ,1.5, ,4.215095890410958,24.023287671232875,2.258839779005525,15.802739726027395,-3.4958448753462603,7.200000000000001,0.3,5.0,34.34,7.640000000000001,2.640000000000001,0.0340589271437949,-0.6600000000000037,-0.6600000000000001,1.5400000000000005,0.0506896551724129,0.0506896551724139,-0.1182758620689655,37.358514,-118.40553,9,2014,9,2014,19.743333333333332,"19.74,0.05,-0.12"
2014-09-01,244,39,metric,"93662, 93657, 93654, 93618, 93161, 93648",daily,25.1, ,35.7, ,15.1, ,13.0, ,5.54, ,0.0, ,47.0, ,83.0, ,22.0, ,24.6, ,265.0, ,1.5, ,114.2, ,1.3, ,4.038630136986301,26.161369863013704,10.622465753424658,31.59178082191781,8.172876712328769,2.1,0.3,2.5,35.7,15.1,13.0,0.1263821993080523,0.0,0.0,0.0,0.0,0.0,0.0,36.597444,-119.50404,9,2014,9,2014,25.183333333333334,"25.18,0.0,0.0"
2014-09-01,244,41,metric,"92281, 92257, 92233",daily,31.2, ,42.3, ,19.0, ,16.7, ,6.35, ,0.0, ,42.0, ,73.0, ,21.0, ,29.7, ,305.0,R,1.9, ,131.7, ,1.5, ,4.849506849315068,31.96974789915966,12.912112676056337,29.77591036414566,11.944101123595509,2.3000000000000007,0.3,5.0,42.3,19.0,16.7,0.0084741617848795,0.0,0.0,0.0,0.0,0.0,0.0,33.042986,-115.41585,9,2014,9,2014,30.313333333333333,"30.31,0.0,0.0"
2014-09-01,244,43,metric,"96028, 96056",daily,19.0, ,32.6, ,5.6, ,5.0, ,5.31, ,0.0, ,40.0, ,77.0, ,14.0, ,17.6, ,276.0, ,0.9, ,141.9, ,1.6, ,3.5035616438356167,19.813150684931507,2.5367123287671234,38.93972602739726,2.939010989010989,0.5999999999999996,0.3,1.5,32.870000000000005,5.87,4.37,0.3393024710666248,0.2700000000000031,0.2700000000000004,-0.6299999999999999,0.2139999999999997,0.2140000000000001,-0.4993333333333333,41.063767,-121.45602,9,2014,9,2014,16.916666666666668,"16.92,0.21,-0.5"
2014-09-01,244,44,metric,"92522, 92521, 92519, 92518, 92517, 92516, 92515, 92514, 92513, 92509, 92507, 92506, 92505, 92504, 92503, 92502, 92501",daily,25.3, ,34.7, ,17.1, ,13.1, ,6.24, ,0.0, ,47.0, ,81.0, ,18.0, ,23.1, ,313.0,R,1.5, ,136.9, ,1.6, ,4.455561643835616,26.68463687150838,12.58135593220339,27.76536312849162,6.4625,4.000000000000002,0.3,2.5,34.25,16.650000000000002,14.15,0.1133477602446849,-0.4500000000000028,-0.4499999999999993,1.0500000000000007,-0.9393103448275862,-0.939310344827586,2.191724137931034,33.964942,-117.33698,9,2014,9,2014,24.829999999999995,"24.83,-0.94,2.19"
2014-09-01,244,47,metric,"94548, 94514, 94513",daily,25.5, ,35.9, ,14.6, ,10.6, ,6.43, ,0.0, ,39.0, ,71.0, ,20.0, ,22.3, ,268.0, ,1.3, ,189.3, ,2.2, ,4.162,25.26869806094183,9.999719101123596,36.78947368421053,8.015211267605633,4.0,0.3,1.5,35.15,13.85,12.35,0.2849950947831654,-0.75,-0.75,1.75,0.1847999999999999,0.1847999999999999,-0.4311999999999999,37.928258,-121.6599,9,2014,9,2014,21.38461538461538,"21.38,0.18,-0.43"
2014-09-01,244,52,metric,"93410, 93409, 93408, 93407, 93406, 93405, 93403, 93401",daily,17.6, ,26.3, ,11.0, ,12.4, ,4.87,R,0.0, ,72.0, ,92.0, ,48.0, ,22.1, ,286.0, ,1.4, ,96.9, ,1.1, ,3.745068493150685,23.09148351648352,10.179889807162535,43.01095890410959,8.463287671232877,-1.4000000000000004,0.3,1.5,27.17,11.87,10.37,0.2760159479132374,0.870000000000001,0.870000000000001,-2.03,0.693103448275862,0.6931034482758621,-1.6172413793103446,35.305442,-120.66178,9,2014,9,2014,17.923333333333336,"17.92,0.69,-1.62"
2014-09-01,244,62,metric,"92592, 92591, 92590, 92589, 96593",daily,23.0, ,32.0, ,16.1, ,13.7, ,5.74, ,0.0, ,56.0, ,97.0, ,23.0, ,23.4, ,292.0, ,1.6, ,125.6, ,1.5, ,4.14931506849315,26.435112359550565,13.3,33.78651685393258,8.36801152737752,2.400000000000002,0.3,1.5,31.73,15.83,14.33,0.2355201219670526,-0.2699999999999996,-0.2700000000000013,0.6300000000000008,-0.5269999999999997,-0.5270000000000001,1.229666666666667,33.48665,-117.22827,9,2014,9,2014,24.066666666666666,"24.07,-0.53,1.23"
2014-09-01,244,64,metric,93460,daily,19.9, ,32.2, ,12.8, ,14.1, ,4.43, ,0.0, ,69.0, ,99.0, ,34.0, ,25.6, ,214.0, ,1.6, ,174.9, ,2.0, ,3.814328767123288,25.991780821917807,7.366483516483517,36.41643835616439,8.786575342465753,-1.299999999999999,0.3,2.5,32.2,12.8,14.1,0.1573734224948464,0.0,0.0,0.0,0.0,0.0,0.0,34.583144,-120.07924,9,2014,9,2014,19.04,"19.04,0.0,0.0"
2014-09-01,244,68,metric,92273,daily,31.0, ,40.2, ,20.2, ,14.8, ,7.06, ,0.0, ,37.0, ,95.0, ,17.0, ,28.9, ,303.0, ,1.7, ,177.2, ,2.1, ,5.035917808219177,30.96054794520548,13.835714285714284,23.22191780821917,8.71058495821727,5.399999999999999,0.3,5.0,40.2,20.2,14.8,0.0286786008872826,0.0,0.0,0.0,0.0,0.0,0.0,32.759575,-115.73207,9,2014,9,2014,29.796666666666667,"29.8,0.0,0.0"
2014-09-01,244,70,metric,"95337, 95336, 95365, 95320, 95231",daily,24.4, ,35.1, ,13.7, ,13.0, ,5.75, ,0.0, ,49.0, ,88.0, ,27.0, ,22.6, ,275.0, ,1.5, ,137.1, ,1.6, ,3.759178082191781,24.848626373626374,9.03434065934066,42.17032967032967,9.73956043956044,0.6999999999999993,0.3,1.5,35.34,13.94,12.44,0.2535187099905415,0.240000000000002,0.2400000000000002,-0.5600000000000005,0.6940000000000003,0.6940000000000002,-1.619333333333333,37.834822,-121.22319,9,2014,9,2014,21.360000000000003,"21.36,0.69,-1.62"
2014-09-01,244,71,metric,"95397, 95358, 95357, 95356, 95355, 95354, 95353, 95352, 95351, 95350",daily,22.9, ,33.8, ,12.6, ,13.6, ,5.53, ,0.0, ,56.0, ,86.0, ,30.0, ,22.9, ,270.0, ,1.6, ,148.3, ,1.7, ,3.920054794520548,24.421978021978017,8.585950413223141,41.002747252747255,9.020604395604396,-1.0,0.3,2.5,34.849999999999994,13.65,11.15,0.1082066058792691,1.0499999999999972,1.0500000000000007,-2.45,0.9629999999999996,0.963,-2.247,37.645222,-121.18776,9,2014,9,2014,20.750000000000004,"20.75,0.96,-2.25"
2014-09-01,244,75,metric,"92710, 92707, 92667, 92650, 92630, 92623, 92620, 92619, 92618, 92616, 92614, 92612, 92606, 92604, 92603, 92602",daily,22.5, ,30.0, ,15.9, ,16.9, ,4.98, ,0.0, ,71.0, ,98.0, ,45.0, ,23.5, ,272.0, ,1.9, ,137.4, ,1.6, ,3.831315068493151,25.349041095890414,12.52054794520548,41.49315068493151,10.193036211699164,-0.9999999999999982,0.3,2.5,31.05,16.95,14.45,0.1053395593629999,1.0500000000000007,1.049999999999999,-2.45,0.4893103448275866,0.489310344827586,-1.1417241379310348,33.68845,-117.72118,9,2014,9,2014,22.96896551724138,"22.97,0.49,-1.14"
2014-09-01,244,77,metric,"94573, 94574, 94562",daily,22.0, ,36.0, ,10.8, ,12.7, ,5.53, ,0.0, ,55.0, ,95.0, ,22.0, ,21.4, ,261.0, ,1.5, ,131.2, ,1.5, ,3.4891232876712333,24.08849315068493,7.691735537190084,44.95616438356164,9.181542699724517,-1.8999999999999984,0.3,0.5,36.72,11.52,11.02,0.5863152026257725,0.7199999999999989,0.7199999999999989,-1.6799999999999995,0.9734482758620692,0.9734482758620688,-2.271379310344828,38.428475,-122.41021,9,2014,9,2014,18.613333333333337,"18.61,0.97,-2.27"
2014-09-01,244,78,metric,"91799, 91797, 91769, 91768, 91767, 91766, 91765",daily,24.1, ,32.0, ,18.2, ,17.2, ,5.12, ,0.1, ,65.0, ,98.0, ,33.0, ,23.1, ,279.0, ,2.0, ,92.4, ,1.1, ,3.682383561643836,26.83013698630137,11.471232876712328,37.41917808219178,10.025,1.0,0.3,2.5,32.45,18.65,16.15,0.1107829205324127,0.4500000000000028,0.4499999999999993,-1.0500000000000007,0.2830000000000001,0.2829999999999998,-0.6603333333333333,34.056589,-117.81307,9,2014,9,2014,23.836666666666666,"23.84,0.28,-0.66"
2014-09-01,244,80,metric,"93766, 93762, 93761, 93760, 93759, 93755, 93750, 93747, 93745, 93744, 93741, 93740, 93729, 93728, 93727, 93726, 93725, 93724, 93722, 93721, 93720, 93718, 93717, 93716, 93715, 93714, 93711, 93710, 93709, 93708, 93707, 93706, 93705, 93704, 93703, 93702, 93701, 93650",daily,25.9, ,34.7, ,16.6, ,12.2, ,5.81, ,0.0, ,43.0, ,78.0, ,22.0, ,23.5, ,290.0, ,1.4, ,117.4, ,1.4, ,4.219397260273973,27.06443768996961,11.391793313069911,31.74772036474164,8.572340425531916,4.400000000000002,0.3,2.5,34.7,16.6,12.2,0.1347085905141468,0.0,0.0,0.0,0.0,0.0,0.0,36.820833,-119.74231,9,2014,9,2014,24.259999999999998,"24.26,0.0,0.0"
2014-09-01,244,83,metric,"95409, 95408, 95407, 95406, 95405, 95404, 95403, 95402, 95401",daily,18.9, ,33.4, ,7.1, ,9.2, ,5.51, ,0.0, ,53.0, ,89.0, ,21.0, ,19.9, ,252.0, ,1.2, ,165.5, ,1.9, ,3.158575342465753,22.151506849315066,6.173698630136985,49.11232876712329,8.677197802197803,-2.1,0.3,0.0,34.03,7.729999999999999,7.729999999999999,0.7773575740753592,0.6300000000000026,0.6299999999999999,-1.4699999999999998,0.7379999999999999,0.738,-1.722,38.40355,-122.79993,9,2014,9,2014,16.823333333333334,"16.82,0.74,-1.72"
2014-09-01,244,84,metric,95918,daily,26.7, ,35.8, ,17.6, ,11.2, ,5.85, ,0.0, ,38.0, ,54.0, ,26.0, ,23.4, ,271.0, ,1.3, ,123.6, ,1.4, ,3.7465205479452055,24.616712328767125,11.52054794520548,40.271232876712325,8.625753424657535,6.400000000000002,0.3,1.5,34.33,16.130000000000003,14.63,0.4899523210577119,-1.4699999999999989,-1.4699999999999989,3.430000000000001,-0.8899999999999998,-0.89,2.0766666666666667,39.252561,-121.31567,9,2014,9,2014,23.470000000000002,"23.47,-0.89,2.08"
2014-09-01,244,87,metric,"92251, 92250, 92244, 92243",daily,32.7, ,41.6, ,22.2, ,14.8, ,6.88, ,0.0, ,34.0, ,63.0, ,20.0, ,28.4, ,279.0, ,1.7, ,150.7, ,1.7, ,5.205479452054795,32.214520547945206,14.9,25.52054794520548,9.581043956043956,7.399999999999999,0.3,5.0,41.6,22.2,14.8,0.0191052631578947,0.0,0.0,0.0,0.0,0.0,0.0,32.806183,-115.44626,9,2014,9,2014,31.25,"31.25,0.0,0.0"
2014-09-01,244,88,metric,93254,daily,24.1, ,35.6, ,13.0, ,6.5, ,6.38, ,0.0, ,32.0, ,58.0, ,15.0, ,25.9, ,290.0, ,1.0, ,169.9, ,2.0, ,4.609342465753424,27.59090909090909,6.699384615384616,24.263013698630136,3.2831491712707184,6.5,0.3,5.0,35.6,13.0,6.5,0.0116083475490516,0.0,0.0,0.0,0.0,0.0,0.0,34.942525,-119.6738,9,2014,9,2014,21.536666666666672,"21.54,0.0,0.0"
2014-09-01,244,90,metric,96101,daily,15.4, ,28.0, ,2.2, ,0.8, ,4.98, ,0.0, ,37.0, ,76.0, ,15.0, ,17.3, ,283.0, ,0.6, ,128.4, ,1.5, ,3.443041095890411,18.44575342465753,0.2606060606060603,33.15068493150685,0.1873972602739727,1.4,0.3,1.5,28.0,2.2,0.8,0.2176317527512313,0.0,0.0,0.0,0.0,0.0,0.0,41.438214,-120.48031,9,2014,9,2014,15.566666666666666,"15.57,0.0,0.0"
2014-09-01,244,91,metric,96134,daily,15.0, ,26.4, ,2.9, ,5.0, ,4.77, ,0.0, ,51.0, ,90.0, ,26.0, ,17.6, ,275.0, ,0.9, ,115.6, ,1.3, ,3.326876712328767,17.688219178082193,0.8612637362637361,38.02191780821918,1.8389041095890408,-2.1,0.3,1.5,26.4,2.9,5.0,0.2281130847971275,0.0,0.0,0.0,0.0,0.0,0.0,41.958869,-121.47237,9,2014,9,2014,15.446666666666667,"15.45,0.0,0.0"
2014-09-01,244,99,metric,"90411, 90410, 90409, 90408, 90407, 90406, 90405, 90404, 90403, 90402, 90401",daily,22.5, ,25.9, ,18.9, ,19.3, ,4.76, ,0.0, ,82.0, ,89.0, ,75.0, ,22.5, ,279.0, ,2.2, ,140.8, ,1.6, ,3.613068493150685,22.799173553719005,13.624517906336088,55.94794520547945,11.60112044817927,-0.4000000000000021,0.3,2.5,26.77,19.77,17.27,0.0833352290391804,0.870000000000001,0.870000000000001,-2.030000000000001,0.708214285714286,0.7082142857142858,-1.6525000000000003,34.044311,-118.47689,9,2014,9,2014,21.371428571428567,"21.37,0.71,-1.65"
2014-09-01,244,103,metric,"95492, 95439, 95448, 95436",daily,20.4, ,36.7, ,8.2, ,10.6, ,,N,0.0, ,54.0, ,95.0, ,17.0, ,25.1, ,268.0, ,1.3, ,122.6, ,1.4, ,,23.415068493150685,6.568493150684931,45.83287671232877,8.796978021978022,-2.4000000000000004,0.3,0.0,37.42,8.92,8.92,,0.7199999999999989,0.7200000000000006,-1.6799999999999995,0.8080000000000002,0.8079999999999999,-1.8853333333333329,38.52665,-122.813758,9,2014,9,2014,17.263333333333332,"17.26,0.81,-1.89"
2014-09-01,244,104,metric,"95065, 95064, 95018, 95067, 95063, 95073",daily,16.4, ,24.7, ,11.5, ,13.2, ,4.0, ,0.0, ,81.0, ,95.0, ,52.0, ,26.5, ,249.0, ,1.5, ,96.6, ,1.1, ,3.036383561643836,20.992328767123286,8.921643835616438,51.14246575342466,8.77068493150685,-1.6999999999999993,0.3,1.5,25.66,12.46,10.96,0.4851210885335835,0.9600000000000009,0.9599999999999992,-2.2399999999999984,0.7440000000000002,0.7440000000000002,-1.7360000000000002,36.997444,-121.99676,9,2014,9,2014,16.326666666666668,"16.33,0.74,-1.74"
2014-09-01,244,105,metric,"93668, 93640",daily,27.7, ,37.8, ,16.2, ,8.4, ,6.87, ,0.0, ,30.0, ,51.0, ,16.0, ,29.4, ,292.0, ,1.1, ,178.2, ,2.1, ,4.932684931506849,27.955616438356163,10.762087912087912,31.04109589041096,6.457142857142857,7.799999999999999,0.3,2.5,37.8,16.2,8.4,0.0832023461062079,0.0,0.0,0.0,0.0,0.0,0.0,36.634028,-120.38181,9,2014,9,2014,25.33,"25.33,0.0,0.0"
2014-09-01,244,106,metric,95449,daily,23.2, ,37.2, ,10.6, ,10.6, ,6.0, ,0.0, ,45.0, ,79.0, ,22.0, ,20.9, ,317.0,R,1.3, ,116.9, ,1.4, ,3.682109589041096,24.652602739726024,6.5942307692307685,41.61095890410959,7.029834254143647,0.0,0.3,0.0,37.2,10.6,10.6,0.7849877601434556,0.0,0.0,0.0,0.581785714285714,0.5817857142857144,-1.3574999999999997,38.982581,-123.08928,9,2014,9,2014,19.330000000000002,"19.33,0.58,-1.36"
2014-09-01,244,107,metric,"93199, 93190, 93160, 93150, 93140, 93130, 93129, 93128, 93127, 93126, 93125, 93124, 93123, 93122, 93121, 93120, 93118, 93117, 93116, 93111, 93110, 93109, 93106, 93107, 93105, 93103, 93102, 93101",daily,20.3, ,25.2, ,15.5, ,16.4, ,4.22,R,0.0, ,79.0, ,92.0, ,62.0, ,25.8, ,247.0, ,1.9, ,106.0, ,1.2, ,3.256547945205479,23.078787878787875,11.70027397260274,46.97534246575343,10.235,-0.8999999999999986,0.3,1.5,25.92,16.22,14.72,0.248435186431552,0.7199999999999989,0.7199999999999989,-1.6799999999999995,0.5849999999999999,0.5269999999999999,-1.229666666666667,34.437353,-119.73742,9,2014,9,2014,20.226666666666663,"20.23,0.58,-1.23"
2014-09-01,244,113,metric,93930,daily,20.1, ,35.7, ,10.5, ,10.5, ,5.81, ,0.0, ,54.0, ,94.0, ,15.0, ,25.4, ,274.0, ,1.3, ,178.2, ,2.1, ,4.204328767123288,25.433698630136984,7.731232876712329,33.95890410958904,7.445753424657535,0.0,0.3,2.5,36.45,11.25,8.75,0.1472064017516193,0.75,0.75,-1.75,0.9780000000000004,0.978,-2.282,36.121083,-121.08457,9,2014,9,2014,18.35,"18.35,0.98,-2.28"
2014-09-01,244,114,metric,93927,daily,18.4, ,30.9, ,11.0, ,14.5, ,4.87, ,0.0, ,78.0, ,98.0, ,35.0, ,20.2, ,259.0, ,1.7, ,201.8, ,2.3, ,3.8222465753424655,23.54493150684932,8.752472527472527,45.0,9.367123287671232,-3.5,0.3,2.5,32.7,12.8,10.3,0.0928952348185102,1.7999999999999972,1.8000000000000007,-4.199999999999999,1.305,1.305,-3.045,36.347306,-121.29135,9,2014,9,2014,17.903333333333332,"17.9,1.3,-3.04"
2014-09-01,244,116,metric,"93962, 93915, 93912, 93908, 93907, 93906, 93905, 93902, 93901",daily,17.4, ,21.9, ,13.7, ,14.9, ,3.62, ,0.0, ,85.0, ,94.0, ,69.0, ,22.8, ,217.0, ,1.7, ,253.8, ,2.9, ,2.5115068493150683,19.47945205479452,9.672054794520548,61.9013698630137,10.254670329670333,-1.200000000000001,0.3,1.5,22.71,14.51,13.01,0.4250027271735574,0.8099999999999987,0.8100000000000005,-1.8900000000000008,0.6379999999999999,0.6380000000000002,-1.4886666666666668,36.716806,-121.69189,9,2014,9,2014,16.73,"16.73,0.64,-1.49"
2014-09-01,244,117,metric,"92394, 92393, 92392",daily,26.7, ,34.9, ,16.9, ,4.0, ,7.15, ,0.0, ,23.0, ,55.0, ,6.0, ,21.1, ,297.0, ,0.8, ,239.2, ,2.8, ,4.716657534246576,25.36629213483145,9.085674157303371,18.890449438202246,0.8313390313390311,12.9,0.3,5.0,32.53,14.53,9.529999999999998,0.0228689846053357,-2.369999999999997,-2.369999999999999,5.529999999999998,-1.146,-1.146,2.6739999999999995,34.475914,-117.26351,9,2014,9,2014,24.39333333333333,"24.39,-1.15,2.67"
2014-09-01,244,124,metric,"95043, 93622",daily,25.8, ,35.0, ,15.2, ,12.1, ,5.78, ,0.0, ,43.0, ,65.0, ,30.0, ,20.9, ,271.0, ,1.4, ,132.9, ,1.5, ,4.221260273972604,25.80356164383561,10.284383561643835,38.97534246575343,8.583287671232878,3.1,0.3,2.5,34.82,15.02,12.52,0.0551026766011578,-0.1799999999999997,-0.1799999999999997,0.4199999999999999,0.244,0.2439999999999998,-0.5693333333333332,36.890056,-120.73141,9,2014,9,2014,22.926666666666666,"22.93,0.24,-0.57"
2014-09-01,244,126,metric,"95024, 95023",daily,20.3, ,32.5, ,12.3, ,14.3, ,5.23, ,0.0, ,68.0, ,90.0, ,38.0, ,24.4, ,271.0, ,1.6, ,130.9, ,1.5, ,3.5429315068493152,24.178,9.358285714285714,46.03107344632768,9.775730994152047,-2.0,0.3,1.5,32.5,12.3,14.3,0.2515040019236433,0.0,0.0,0.0,0.0,0.0,0.0,36.854833,-121.36275,9,2014,9,2014,18.450000000000003,"18.45,0.0,0.0"
2014-09-01,244,129,metric,"95077, 95076, 95075, 95019, 95018",daily,17.6, ,22.6, ,13.1, ,12.1, ,4.4, ,0.0, ,70.0, ,76.0, ,63.0, ,20.8, ,249.0, ,1.4, ,180.4, ,2.1, ,3.290465753424657,20.215342465753427,9.869041095890411,53.06849315068493,7.74958904109589,1.0,0.3,1.5,22.75,13.25,11.75,0.4478526585735458,0.1499999999999985,0.1500000000000003,-0.3499999999999996,-0.1400000000000001,-0.1399999999999998,0.3266666666666667,36.902778,-121.74193,9,2014,9,2014,17.066666666666666,"17.07,-0.14,0.33"
2014-09-01,244,131,metric,"95628, 95038, 95037",daily,26.3, ,37.3, ,15.6, ,11.6, ,5.43,R,0.0, ,40.0, ,74.0, ,19.0, ,26.1, ,261.0, ,1.4, ,88.0, ,1.0, ,3.518246575342465,25.278630136986298,10.707458563535912,38.53424657534247,8.88870523415978,4.0,0.3,1.5,36.55,14.85,13.35,0.4826501370545726,-0.75,-0.75,1.75,-0.3059999999999999,-0.3060000000000003,0.7139999999999999,38.649964,-121.21887,9,2014,9,2014,22.446666666666673,"22.45,-0.31,0.71"
2014-09-01,244,135,metric,"92228, 92227, 92226, 92225",daily,31.8, ,41.6, ,22.7, ,16.4, ,6.98, ,0.0, ,40.0, ,77.0, ,20.0, ,32.3, ,285.0, ,1.9, ,176.7, ,2.0, ,4.996493150684932,31.34929971988796,13.006232294617568,28.131652661064425,10.042857142857144,6.300000000000001,0.3,5.0,41.6,22.7,16.4,0.0336930991114231,0.0,0.0,0.0,0.0,0.0,0.0,33.662869,-114.55811,9,2014,9,2014,29.95,"29.95,0.0,0.0"
2014-09-01,244,136,metric,92274,daily,32.5, ,39.2, ,25.9, ,12.9, ,15.97, ,0.0, ,30.0, ,43.0, ,18.0, ,27.8, ,293.0, ,1.5, ,1118.9,R,13.0,R,5.456794520547946,32.10547550432277,16.201149425287355,21.78409090909091,8.646109510086454,12.999999999999998,0.3,5.0,39.2,25.9,12.9,0.0,0.0,0.0,0.0,0.0,0.0,0.0,33.523694,-116.15575,9,2014,9,2014,31.263333333333335,"31.26,0.0,0.0"
2014-09-01,244,139,metric,"95694, 95696, 95688, 95620",daily,25.9, ,35.6, ,15.3, ,9.4, ,,N,0.0, ,35.0, ,74.0, ,19.0, ,24.2, ,251.0, ,1.2, ,107.5, ,1.2, ,,25.257534246575343,9.410526315789474,33.76438356164383,6.992328767123287,5.9,0.3,0.0,33.83,13.53,13.53,,-1.7700000000000031,-1.7699999999999996,4.130000000000001,-0.6900000000000001,-0.69,1.6099999999999997,38.501258,-121.97853,9,2014,9,2014,21.94,"21.94,-0.69,1.61"
2014-09-01,244,140,metric,"94571, 95641",daily,26.0, ,35.1, ,17.0, ,11.7, ,6.64, ,0.0, ,41.0, ,69.0, ,25.0, ,22.1, ,280.0, ,1.4, ,246.3, ,2.9, ,4.173150684931507,23.78,10.368219178082192,44.62191780821918,9.411878453038671,5.300000000000001,0.3,1.5,33.96,15.86,14.36,0.2753078394819466,-1.1400000000000006,-1.1400000000000006,2.66,-0.1239999999999996,-0.1239999999999999,0.2893333333333331,38.121739,-121.674455,9,2014,9,2014,21.19666666666667,"21.2,-0.12,0.29"
2014-09-01,244,144,metric,"94999, 94975, 94955, 94954, 94953, 94952",daily,16.8, ,32.2, ,4.4, ,10.3, ,4.64, ,0.0, ,65.0, ,99.0, ,29.0, ,22.3, ,239.0, ,1.2, ,100.6, ,1.2, ,3.0755616438356164,20.420689655172414,3.836363636363636,52.40229885057471,7.36235632183908,-5.9,0.3,0.0,33.970000000000006,6.17,6.170000000000001,0.7436742208289671,1.7700000000000031,1.7699999999999996,-4.13,0.7248000000000002,0.7247999999999999,-1.6911999999999998,38.266428,-122.61646,9,2014,9,2014,15.123076923076924,"15.12,0.72,-1.69"
2014-09-01,244,146,metric,93206,daily,25.8, ,34.8, ,16.5, ,15.3, ,5.56, ,0.0, ,52.0, ,83.0, ,27.0, ,25.6, ,290.0, ,1.7, ,102.6, ,1.2, ,4.270246575342465,26.78794520547945,10.346685082872929,33.52876712328767,8.464109589041097,1.1999999999999993,0.3,5.0,34.8,16.5,15.3,0.0314376636041677,0.0,0.0,0.0,0.0,0.0,0.0,35.505833,-119.69114,9,2014,9,2014,23.723333333333336,"23.72,0.0,0.0"
2014-09-01,244,147,metric,"91921, 91915, 91914, 91913, 91912, 91911, 91910, 91909, 90910",daily,21.3, ,28.2, ,17.3, ,16.8, ,4.84,R,0.0, ,75.0, ,96.0, ,51.0, ,24.8, ,271.0, ,1.9, ,129.9, ,1.5, ,3.867671232876712,24.778082191780825,12.976164383561642,44.17260273972602,10.4207182320442,0.5,0.3,2.5,28.2,17.3,16.8,0.1300559608982078,0.0,0.0,0.0,0.0,0.0,0.0,32.628208,-116.93928,9,2014,9,2014,22.94137931034483,"22.94,0.0,0.0"
2014-09-01,244,148,metric,"95340, 95365, 95344, 95341, 95333",daily,24.7, ,35.5, ,13.7, ,12.0, ,5.75, ,0.0, ,45.0, ,85.0, ,23.0, ,23.5, ,275.0, ,1.4, ,117.3, ,1.4, ,4.1007123287671225,26.984848484848484,9.220277777777778,33.900826446280995,7.646260387811635,1.6999999999999993,0.3,2.5,35.74,13.94,11.44,0.1385232690306194,0.240000000000002,0.2400000000000002,-0.5600000000000005,-0.2249999999999997,-0.2249999999999999,0.525,37.314139,-120.3867,9,2014,9,2014,23.38333333333333,"23.38,-0.22,0.52"
2014-09-01,244,150,metric,"92093, 92092, 92039, 92038, 92037",daily,21.5, ,27.3, ,17.7, ,18.7, ,4.97, ,0.0, ,84.0, ,100.0, ,64.0, ,24.5, ,294.0, ,2.2, ,116.5, ,1.3, ,3.707780821917809,24.26931506849316,12.81132596685083,52.16164383561644,12.610684931506848,-1.0,0.3,2.5,27.3,17.7,18.7,0.1392850281525706,0.0,0.0,0.0,0.0,0.0,0.0,32.885847,-117.14314,9,2014,9,2014,22.910000000000004,"22.91,0.0,0.0"
2014-09-01,244,151,metric,"92228, 92227, 92226, 92225",daily,32.1, ,41.8, ,22.5, ,16.1, ,6.95, ,0.0, ,38.0, ,86.0, ,14.0, ,30.9, ,283.0, ,1.8, ,177.5, ,2.1, ,4.851150684931507,31.351780821917806,12.970637119113572,23.90684931506849,9.156473829201104,6.399999999999999,0.3,2.5,41.8,22.5,16.1,0.0662461102294611,0.0,0.0,0.0,0.0,0.0,0.0,33.532222,-114.63389,9,2014,9,2014,29.316666666666666,"29.32,0.0,0.0"
2014-09-01,244,152,metric,"93012, 93011, 93010",daily,20.4, ,27.4, ,14.6, ,17.2, ,4.45, ,0.0, ,82.0, ,100.0, ,61.0, ,23.2, ,251.0, ,2.0, ,120.8, ,1.4, ,3.4986849315068493,23.775342465753425,10.774175824175824,49.16164383561644,10.41123287671233,-2.6,0.3,2.5,28.93,16.13,13.63,0.1255266166543985,1.5300000000000011,1.5299999999999994,-3.5700000000000003,1.2359999999999995,1.236,-2.8840000000000003,34.219386,-118.99244,9,2014,9,2014,19.963333333333342,"19.96,1.24,-2.88"
2014-09-01,244,153,metric,"92046, 92033, 92030, 92029, 92027, 92026, 92025",daily,21.9, ,31.7, ,14.3, ,15.9, ,5.42, ,0.0, ,69.0, ,95.0, ,39.0, ,26.3, ,269.0, ,1.8, ,152.0, ,1.8, ,3.885095890410959,26.72931506849316,8.855401662049863,41.02465753424657,10.333701657458564,-1.5999999999999996,0.3,2.5,31.7,14.3,15.9,0.1132533179132053,0.0,0.0,0.0,0.0,0.0,0.0,33.08105,-116.9757,9,2014,9,2014,22.296428571428574,"22.3,0.0,0.0"
2014-09-01,244,157,metric,94925,daily,19.9, ,30.3, ,12.2, ,14.2, ,4.98, ,0.0, ,70.0, ,100.0, ,34.0, ,23.4, ,275.0, ,1.6, ,117.8, ,1.4, ,3.187041095890411,20.974794520547945,8.683577712609969,52.4986301369863,9.51064425770308,-2.0,0.3,1.5,31.35,13.25,11.75,0.4154667446078727,1.0500000000000007,1.0500000000000007,-2.45,1.3137931034482762,1.3137931034482762,-3.0655172413793097,37.995478,-122.467656,9,2014,9,2014,17.339999999999996,"17.34,1.31,-3.07"
2014-09-01,244,158,metric,"95409, 95408, 95407, 95406, 95405, 95404, 95403, 95402, 95401",daily,20.8, ,34.5, ,10.3, ,11.1, ,5.19, ,0.0, ,54.0, ,95.0, ,23.0, ,20.5, ,265.0, ,1.3, ,89.9, ,1.0, ,3.228767123287671,23.561369863013702,6.457534246575342,46.14246575342466,8.792582417582418,-0.7999999999999989,0.3,0.0,34.74,10.54,10.54,0.7148918116249471,0.240000000000002,0.2400000000000002,-0.5599999999999987,0.946551724137931,0.946551724137931,-2.2086206896551723,38.419439,-122.65872,9,2014,9,2014,17.12666666666667,"17.13,0.95,-2.21"
2014-09-01,244,159,metric,"91017, 91016",daily,24.9, ,33.2, ,18.5, ,16.7, ,4.75, ,0.0, ,60.0, ,86.0, ,29.0, ,28.3, ,228.0, ,1.9, ,142.1, ,1.6, ,3.4554520547945207,26.97561643835616,12.81046831955923,35.175342465753424,9.366298342541436,1.8000000000000007,0.3,1.5,33.11,18.41,16.91,0.2453934223462624,-0.0900000000000034,-0.0899999999999998,0.2100000000000008,-0.4924137931034482,-0.492413793103448,1.1489655172413789,34.146372,-117.9858,9,2014,9,2014,24.40689655172414,"24.41,-0.49,1.15"
2014-09-01,244,160,metric,"93410, 93409, 93408, 93407, 93406, 93405, 93403, 93402, 93401",daily,16.3, ,22.6, ,10.5, ,13.1, ,4.7,R,0.0, ,81.0, ,96.0, ,62.0, ,22.8, ,280.0, ,1.5, ,142.1, ,1.6, ,3.512164383561644,22.413370473537604,9.148314606741572,52.11699164345404,9.423796033994336,-2.6,0.3,1.5,23.83,11.73,10.23,0.2549832746095174,1.2300000000000004,1.2300000000000004,-2.869999999999999,0.9517241379310342,0.9517241379310346,-2.2206896551724133,35.335261,-120.73588,9,2014,9,2014,16.336666666666666,"16.34,0.95,-2.22"
2014-09-01,244,163,metric,"93465, 93453, 93423, 93422",daily,21.3, ,32.9, ,10.9, ,9.2, ,4.96, ,0.0, ,46.0, ,89.0, ,22.0, ,20.5, ,231.0, ,1.2, ,94.3, ,1.1, ,3.496328767123288,24.85206611570248,6.265013774104682,34.6831955922865,6.878787878787879,1.700000000000001,0.3,2.5,32.9,10.9,9.2,0.1720813266245016,0.0,0.0,0.0,0.0,0.0,0.0,35.472556,-120.64814,9,2014,9,2014,18.61333333333333,"18.61,0.0,0.0"
2014-09-01,244,165,metric,"93458, 93457, 93456, 93455, 93454",daily,17.5, ,28.1, ,9.2, ,13.3, ,4.68,R,0.0, ,77.0, ,96.0, ,47.0, ,20.4, ,263.0, ,1.5, ,132.9, ,1.5, ,3.7260273972602738,23.08657534246575,8.09068493150685,45.53150684931507,8.561643835616438,-4.100000000000001,0.3,2.5,30.08,11.18,8.68,0.1625735294117647,1.9800000000000004,1.9800000000000004,-4.620000000000001,1.5259999999999998,1.526,-3.560666666666667,34.841878,-120.21274,9,2014,9,2014,16.996666666666663,"17.0,1.53,-3.56"
2014-09-01,244,170,metric,"94529, 94527, 94524, 94523, 94522, 94521, 94520, 94519, 94518",daily,15.8,H,34.3, ,,S,2.5,Y,5.7, ,0.1, ,41.0,Y,53.0,H,11.0,H,20.2, ,282.0, ,0.7,Y,109.9, ,1.3, ,3.628054794520548,23.21166666666667,7.116617210682493,40.54520547945206,7.393074792243768,,0.3,1.5,,,,0.3157282667794358,,,,-0.4287499999999999,-0.3888,0.9072,38.015372,-122.02028,9,2014,9,2014,19.483333333333334,"19.48,-0.43,0.91"
2014-09-01,244,171,metric,"94536, 94537, 94538, 94539, 94555, 94587, 94544, 94557",daily,20.6, ,30.6, ,12.6, ,13.9, ,4.93, ,0.0, ,65.0, ,95.0, ,34.0, ,22.0, ,256.0, ,1.6, ,106.0, ,1.2, ,3.2200821917808216,21.686849315068493,9.872602739726029,51.80821917808219,10.34697802197802,-1.3000000000000007,0.3,1.5,31.44,13.44,11.94,0.41078675776165,0.8399999999999999,0.8399999999999999,-1.9600000000000009,0.4979999999999999,0.4980000000000002,-1.162,37.598758,-122.05323,9,2014,9,2014,18.84666666666667,"18.85,0.5,-1.16"
2014-09-01,244,173,metric,"92093, 92092, 92039, 92038, 92037",daily,18.7, ,21.9, ,15.8, ,17.0, ,4.46, ,0.0, ,90.0, ,99.0, ,82.0, ,24.4, ,281.0, ,1.9, ,223.0,Y,2.6,Y,3.131123287671233,19.82111111111111,13.648189415041784,69.90858725761773,13.062777777777775,-1.1999999999999993,0.3,2.5,23.01,16.91,14.41,0.1253610093121581,1.1099999999999994,1.1099999999999994,-2.59,1.228965517241379,1.2309999999999997,-2.8723333333333327,32.901867,-117.25046,9,2014,9,2014,19.48333333333333,"19.48,1.23,-2.87"
2014-09-01,244,174,metric,"90899, 90888, 90853, 90848, 90847, 90846, 90845, 90842, 90840, 90835, 90834, 90833, 90832, 90831, 90822, 90814, 90813, 90810, 90809, 90808, 90807, 90806, 90805, 90804, 90803, 90802, 90801, 90749, 90747, 90746, 90745",daily,22.2, ,26.7, ,18.1, ,17.6, ,4.59,R,0.0, ,75.0, ,100.0, ,55.0, ,26.3, ,284.0, ,2.0, ,50.7, ,0.6, ,3.435534246575342,24.265753424657536,11.736538461538462,40.8054794520548,10.8933147632312,0.5,0.3,2.5,27.3,18.700000000000003,16.200000000000003,0.128073239391692,0.6000000000000014,0.6000000000000014,-1.3999999999999986,0.5265517241379309,0.5265517241379312,-1.228620689655172,33.798697,-118.09479,9,2014,9,2014,22.793103448275865,"22.79,0.53,-1.23"
2014-09-01,244,175,metric,92266,daily,27.9, ,37.1, ,19.3, ,17.4, ,5.92, ,0.0, ,53.0, ,81.0, ,38.0, ,25.4, ,297.0, ,2.0, ,136.2, ,1.6, ,4.70545205479452,29.20054794520548,11.85595567867036,32.704109589041096,9.953150684931508,1.900000000000002,0.3,5.0,37.1,19.3,17.4,0.0,0.0,0.0,0.0,0.0,0.0,0.0,33.383697,-114.71921,9,2014,9,2014,27.05333333333333,"27.05,0.0,0.0"
2014-09-01,244,178,metric,94595,daily,22.7, ,33.4, ,12.3, ,11.4, ,5.49, ,6.4, ,49.0, ,92.0, ,23.0, ,22.4, ,266.0, ,1.4, ,127.4, ,1.5, ,3.2949315068493155,21.616712328767125,7.768888888888889,47.45753424657534,8.568219178082192,0.9000000000000004,0.3,0.0,33.129999999999995,12.03,12.03,0.958965617594479,-0.2700000000000031,-0.2699999999999996,0.6300000000000008,0.1406896551724139,0.1406896551724136,-0.3282758620689657,37.837614,-122.14074,9,2014,9,2014,18.15,"18.15,0.14,-0.33"
2014-09-01,244,179,metric,"92596, 92584, 92548",daily,22.7, ,30.9, ,12.6, ,13.2, ,6.2,R,0.0, ,55.0, ,100.0, ,24.0, ,20.3, ,291.0, ,1.5, ,186.0, ,2.2, ,4.400849315068493,26.85890410958904,9.4534435261708,31.827397260273973,8.658774373259053,-0.5999999999999996,0.3,2.5,30.9,12.6,13.2,0.1488504709551705,0.0,0.0,0.0,0.0,0.0,0.0,33.663325,-117.09338,9,2014,9,2014,23.730000000000004,"23.73,0.0,0.0"
2014-09-01,244,181,metric,"92227, 92233, 92251, 92281",daily,31.0, ,40.9, ,18.4, ,12.4, ,6.86, ,0.0, ,32.0, ,68.0, ,19.0, ,,S,293.0, ,1.4, ,157.7, ,1.8, ,4.384328767123288,31.67514285714285,13.397435897435898,28.88888888888889,10.549428571428573,5.999999999999998,0.3,5.0,40.9,18.4,12.4,0.0104981628215062,0.0,0.0,0.0,0.0,0.0,0.0,33.078611,-115.66056,9,2014,9,2014,30.399999999999995,"30.4,0.0,0.0"
2014-09-01,244,182,metric,"93261, 93250, 93219, 93216, 93215, 93201",daily,26.7, ,38.0, ,16.2, ,10.9, ,5.89, ,0.0, ,37.0, ,67.0, ,19.0, ,23.8,H,277.0, ,1.3, ,110.2, ,1.3, ,4.079342465753425,27.673972602739727,10.623626373626374,31.15068493150685,7.800550964187328,5.299999999999999,0.3,2.5,38.0,16.2,10.9,0.0570196647324306,0.0,0.0,0.0,0.0,0.0,0.0,35.833,-119.25596,9,2014,9,2014,24.803333333333327,"24.8,0.0,0.0"
2014-09-01,244,183,metric,93512,daily,27.4, ,37.1, ,17.1, ,-1.6, ,,N,0.0, ,15.0, ,30.0, ,8.0, ,28.9, ,301.0, ,0.5, ,257.0, ,3.0, ,,25.061369863013702,8.714600550964187,19.054794520547944,-0.4483425414364638,18.700000000000003,0.3,0.0,31.49,11.490000000000002,11.490000000000002,,-5.609999999999999,-5.609999999999999,13.090000000000002,-3.841,-3.841,8.962333333333333,36.488611,-117.91944,9,2014,9,2014,24.386666666666667,"24.39,-3.84,8.96"
2014-09-01,244,184,metric,"92199, 92198, 92197, 92196, 92195, 92194, 92193, 92192, 92191, 92187, 92186, 92184, 92182, 92179, 92178, 92177, 92176, 92175, 92174, 92173, 92172, 92171, 92170, 92169, 92168, 92167, 92166, 92165, 92164, 92163, 92162, 92161, 92160, 92159, 92158, 92155, 92154, 92153, 92152, 92150, 92149, 92147, 92145, 92144, 92143, 92142, 92140, 92139, 92138, 92137, 92136, 92135, 92134, 92133, 92132, 92131, 92130, 92129, 92128, 92127, 92126, 92125, 92124, 92123, 92122, 92121, 92120, 92119, 92118, 92117, 92116, 92115, 92114, 92113, 92112, 92111, 92110, 92109, 92108, 92107, 92106, 92105, 92104, 92103, 92102, 92101",daily,20.6, ,24.0, ,18.5, ,16.9, ,4.16, ,0.0, ,79.0, ,90.0, ,66.0, ,25.1, ,255.0, ,1.9, ,80.6, ,0.9, ,3.1770410958904107,22.99562682215744,13.833724340175952,50.924418604651166,11.47470588235294,1.6000000000000014,0.3,2.5,24.0,18.5,16.9,0.1666063020644694,0.0,0.0,0.0,0.0,0.0,0.0,32.729578,-117.13934,9,2014,9,2014,22.64137931034483,"22.64,0.0,0.0"
2014-09-01,244,187,metric,"94945, 94949",daily,20.5, ,34.5, ,8.6, ,11.5, ,5.86, ,0.0, ,56.0, ,93.0, ,22.0, ,22.3, ,275.0, ,1.4, ,175.2, ,2.0, ,3.5970136986301364,22.735616438356164,7.594794520547945,48.17260273972602,9.3813698630137,-2.9000000000000004,0.3,1.5,35.82,9.92,8.42,0.3918014182236407,1.3200000000000005,1.3200000000000005,-3.08,1.1280000000000006,1.128,-2.632,38.090933,-122.5267,9,2014,9,2014,18.35,"18.35,1.13,-2.63"
2014-09-01,244,189,metric,93512,daily,26.5, ,38.0, ,13.3, ,-0.2, ,,N,0.0, ,17.0, ,40.0, ,8.0, ,24.3, ,307.0,R,0.6, ,225.3, ,2.6, ,,26.05027472527472,5.4113259668508285,16.81917808219178,-1.7350140056022412,13.5,0.3,0.0,33.95,9.25,9.25,,-4.049999999999997,-4.050000000000001,9.45,-3.078620689655172,-3.0786206896551724,7.183448275862069,36.358628,-117.94387,9,2014,9,2014,24.113333333333333,"24.11,-3.08,7.18"
2014-09-01,244,191,metric,94588,daily,24.0, ,35.5, ,13.0, ,9.7, ,5.86, ,0.0, ,40.0, ,84.0, ,18.0, ,23.1, ,269.0, ,1.2, ,120.9, ,1.4, ,3.776383561643836,24.40904109589041,9.135616438356164,36.4986301369863,8.00989010989011,3.3000000000000007,0.3,1.5,34.96,12.46,10.96,0.3253819701388586,-0.5399999999999991,-0.5400000000000009,1.2599999999999998,0.0260000000000003,0.026,-0.0606666666666665,37.663969,-121.88503,9,2014,9,2014,20.220000000000002,"20.22,0.03,-0.06"
2014-09-01,244,192,metric,92352,daily,19.7, ,26.8, ,10.3, ,5.0, ,5.81, ,0.0, ,38.0, ,66.0, ,16.0, ,16.8, ,300.0, ,0.9, ,198.3, ,2.3, ,3.858465753424658,18.930410958904112,2.2210958904109592,32.487671232876714,2.2618911174785103,5.300000000000001,0.3,2.5,26.8,10.3,5.0,0.1599755740801226,0.0,0.0,0.0,0.0,0.0,0.0,34.255942,-117.21814,9,2014,9,2014,17.113333333333333,"17.11,0.0,0.0"
2014-09-01,244,193,metric,"93950, 93953, 93942, 93943, 93955",daily,16.5, ,18.2, ,15.4, ,15.0, ,2.66, ,0.0, ,91.0, ,95.0, ,85.0, ,19.8, ,182.0, ,1.7, ,232.8, ,2.7, ,2.69627397260274,17.321944444444444,10.605,71.475,11.038440111420613,0.4000000000000003,0.3,1.5,18.53,15.73,14.23,0.4586576435601981,0.3299999999999983,0.33,-0.7699999999999996,0.6829999999999999,0.6829999999999999,-1.5936666666666663,36.633222,-121.93486,9,2014,9,2014,16.48,"16.48,0.68,-1.59"
2014-09-01,244,194,metric,95361,daily,24.4, ,34.5, ,14.2, ,13.0, ,5.8, ,0.0, ,49.0, ,79.0, ,28.0, ,21.6, ,273.0, ,1.5, ,164.0, ,1.9, ,3.951260273972603,25.2921511627907,9.889795918367346,41.63081395348837,9.607871720116618,1.1999999999999993,0.3,1.5,34.59,14.29,12.79,0.2345439484589461,0.0900000000000034,0.0899999999999998,-0.2100000000000008,0.1430000000000004,0.1429999999999999,-0.3336666666666666,37.727194,-120.85086,9,2014,9,2014,21.80666666666667,"21.81,0.14,-0.33"
2014-09-01,244,195,metric,"95603, 95604",daily,27.2, ,36.1, ,17.4, ,6.8, ,6.61, ,0.0, ,28.0, ,46.0, ,14.0, ,,S,274.0, ,1.0, ,147.4, ,1.7, ,3.7843561643835617,25.24054794520548,12.057534246575342,34.64657534246575,7.133333333333334,10.599999999999998,0.3,0.5,33.07,14.37,13.869999999999996,0.6309319549117129,-3.030000000000001,-3.03,7.069999999999998,-2.0329999999999995,-2.033,4.743666666666667,38.887603,-121.10291,9,2014,9,2014,23.77666666666666,"23.78,-2.03,4.74"
2014-09-01,244,197,metric,"93534, 93535, 93543, 93550, 93552, 93591",daily,23.4, ,36.7, ,14.1, ,8.4, ,6.3, ,0.0, ,38.0, ,94.0, ,12.0, ,20.7, ,292.0, ,1.1, ,232.2, ,2.7, ,4.965589041095891,25.58520547945205,6.593112947658403,24.594520547945205,3.3786301369863017,5.699999999999999,0.3,2.5,35.74,13.14,10.64,0.0722230804881816,-0.9600000000000009,-0.9599999999999992,2.24,-0.331,-0.3309999999999997,0.7723333333333333,34.614981,-118.03249,9,2014,9,2014,22.24,"22.24,-0.33,0.77"
2014-09-01,244,199,metric,92315,daily,16.2, ,28.0, ,4.8, ,-2.4, ,5.31, ,0.0, ,28.0, ,52.0, ,13.0, ,14.9, ,303.0, ,0.5, ,103.2, ,1.2, ,3.632191780821918,17.294780219780222,-0.5353424657534247,21.16986301369863,-5.19041095890411,7.199999999999999,0.3,2.5,28.0,4.8,-2.4,0.1860079200452573,0.0,0.0,0.0,0.0,0.0,0.0,34.237419,-116.86571,9,2014,9,2014,13.46,"13.46,0.0,0.0"
2014-09-01,244,200,metric,"92201, 92202, 92203, 92211",daily,32.8, ,40.5, ,22.3, ,9.3, ,7.36, ,0.0, ,24.0, ,53.0, ,12.0, ,28.0, ,283.0, ,1.2, ,168.7, ,2.0, ,5.471068493150685,31.8841095890411,15.224444444444442,20.054794520547944,7.718413597733712,13.0,0.3,5.0,38.1,19.9,14.9,0.0,-2.3999999999999986,-2.3999999999999986,5.6,-1.0188,-1.0188,2.3772,33.748586,-116.2529,9,2014,9,2014,30.680000000000003,"30.68,-1.02,2.38"
2014-09-01,244,202,metric,"93420, 93444",daily,14.0, ,18.4, ,10.7, ,12.4, ,3.44, ,0.6, ,90.0, ,97.0, ,77.0, ,20.1, ,230.0, ,1.4, ,154.9, ,1.8, ,2.951068493150685,19.974104683195595,9.616850828729282,58.84931506849315,8.995541401273885,-1.700000000000001,0.3,1.5,19.36,11.66,10.16,0.3318974320886792,0.9600000000000009,0.9600000000000009,-2.24,1.0065517241379311,1.006551724137931,-2.3486206896551725,35.028281,-120.56003,9,2014,9,2014,14.20666666666667,"14.21,1.01,-2.35"
2014-09-01,244,204,metric,91350,daily,24.7, ,33.5, ,16.4, ,9.3, ,6.5, ,0.0, ,38.0, ,79.0, ,9.0, ,21.5,Y,276.0, ,1.2, ,186.4, ,2.2, ,4.707863013698631,26.61616438356165,11.541873278236912,24.791780821917808,3.928571428571429,7.099999999999998,0.3,2.5,32.12,15.02,12.52,0.1099879537003089,-1.3800000000000026,-1.379999999999999,3.219999999999999,-1.4544444444444442,-1.4544444444444442,3.393703703703704,34.426361,-118.51758,9,2014,9,2014,24.139999999999997,"24.14,-1.45,3.39"
2014-09-01,244,205,metric,93210,daily,28.3, ,35.8, ,19.8, ,6.4, ,7.14, ,0.0, ,25.0, ,35.0, ,16.0, ,22.1, ,281.0, ,1.0, ,209.7, ,2.4, ,4.982767123287672,26.84587912087912,11.96758241758242,28.065934065934066,4.35467032967033,13.4,0.3,2.5,32.529999999999994,16.53,14.03,0.0772442501057838,-3.270000000000003,-3.27,7.630000000000001,-2.226,-2.2259999999999995,5.194,36.175833,-120.36027,9,2014,9,2014,25.626666666666665,"25.63,-2.23,5.19"
2014-09-01,244,206,metric,"95303, 95316, 95323, 95326, 95382",daily,24.2, ,34.0, ,15.1, ,10.9, ,5.69, ,0.0, ,43.0, ,85.0, ,16.0, ,24.7,Y,267.0, ,1.3, ,140.1, ,1.6, ,3.984191780821918,25.157260273972607,10.046575342465754,35.97808219178082,8.760451977401129,4.199999999999999,0.3,1.5,34.0,15.1,10.9,0.203887968203104,0.0,0.0,0.0,0.0,0.0,0.0,37.545869,-120.75453,9,2014,9,2014,21.829999999999995,"21.83,0.0,0.0"
2014-09-01,244,207,metric,92004,daily,30.9, ,40.1, ,19.3, ,7.9, ,6.91, ,0.0, ,24.0, ,48.0, ,13.0, ,25.7, ,330.0,R,1.1, ,118.3, ,1.4, ,5.000547945205479,30.969589041095883,13.15263157894737,18.90410958904109,4.910468319559229,11.4,0.3,5.0,40.1,19.3,7.9,0.0,0.0,0.0,0.0,0.0,0.0,0.0,33.268447,-116.36505,9,2014,9,2014,29.636666666666667,"29.64,0.0,0.0"
2014-09-01,244,208,metric,"92253, 92211, 92210, 92203, 92202, 92201",daily,30.8, ,38.6, ,21.5, ,12.6, ,6.45, ,0.0, ,33.0, ,73.0, ,17.0, ,28.0, ,291.0, ,1.5, ,119.6, ,1.4, ,4.757424657534247,30.519780219780223,15.16388888888889,23.70604395604396,8.674074074074074,8.9,0.3,5.0,38.6,21.5,12.6,0.0,0.0,0.0,0.0,0.0,0.0,0.0,33.678186,-116.27299,9,2014,9,2014,29.85666666666667,"29.86,0.0,0.0"
2014-09-01,244,209,metric,"95077, 95076, 95075, 95019, 95018",daily,16.4, ,20.3, ,13.3, ,14.3, ,3.48, ,0.1, ,88.0, ,96.0, ,74.0, ,22.1, ,219.0, ,1.6, ,182.3, ,2.1, ,2.875506849315068,18.56648351648352,10.177348066298345,62.21369863013699,9.887534626038782,-1.0,0.3,0.5,20.75,13.75,13.25,0.5100232478371889,0.4499999999999993,0.4499999999999993,-1.0500000000000007,0.1939999999999995,0.194,-0.4526666666666665,36.913083,-121.82365,9,2014,9,2014,16.15,"16.15,0.19,-0.45"
2014-09-01,244,210,metric,"93923, 93921, 93953, 93922, 93924",daily,15.3, ,20.0, ,9.7, ,12.8, ,3.85, ,0.0, ,85.0, ,95.0, ,73.0, ,21.3, ,246.0, ,1.5, ,132.4, ,1.5, ,2.9172602739726035,19.817079889807165,8.395316804407713,56.705234159779614,9.056111111111113,-3.1000000000000014,0.3,1.5,21.38,11.08,9.58,0.3372952044530967,1.379999999999999,1.3800000000000008,-3.2200000000000006,0.7930000000000003,0.793,-1.8503333333333327,36.540889,-121.88196,9,2014,9,2014,16.143333333333334,"16.14,0.79,-1.85"
2014-09-01,244,211,metric,95020,daily,20.1, ,35.5, ,9.9, ,13.0, ,5.11, ,0.0, ,64.0, ,95.0, ,25.0, ,21.6, ,263.0, ,1.5, ,134.5, ,1.6, ,3.7213698630136993,24.159178082191783,7.86849315068493,42.16438356164384,8.62027397260274,-3.1,0.3,1.5,36.88,11.28,9.78,0.2935286755503202,1.3800000000000026,1.3800000000000008,-3.219999999999999,0.8450000000000002,0.8450000000000002,-1.971666666666667,37.015026,-121.53704,9,2014,9,2014,18.506666666666664,"18.51,0.85,-1.97"
2014-09-01,244,212,metric,"94571, 95620",daily,25.1, ,36.1, ,14.9, ,10.4, ,5.92, ,0.0, ,40.0, ,80.0, ,19.0, ,21.3, ,242.0, ,1.3, ,235.2, ,2.7, ,3.950767123287671,24.834530386740333,8.886908077994429,37.92265193370166,7.999723756906076,4.5,0.3,1.5,35.2,14.0,12.5,0.3190512622571703,-0.8999999999999986,-0.9000000000000004,2.1,-0.1831034482758617,-0.1831034482758619,0.4272413793103448,38.278056,-121.74111,9,2014,9,2014,20.60000000000001,"20.6,-0.18,0.43"
2014-09-01,244,213,metric,"94530, 94805, 94802, 94808, 94804, 94850, 94708, 94707, 94706, 94806",daily,18.4, ,26.9, ,14.0, ,14.1, ,4.32, ,0.0, ,76.0, ,94.0, ,51.0, ,20.7, ,241.0, ,1.6, ,207.2, ,2.4, ,2.955753424657534,19.06520547945205,10.360941828254848,60.032876712328765,9.5404432132964,-0.0999999999999996,0.3,0.0,26.93,14.03,14.03,0.707698011771794,0.0300000000000011,0.0299999999999993,-0.0700000000000002,0.0610344827586209,0.0610344827586207,-0.1424137931034484,37.931539,-122.302714,9,2014,9,2014,16.566666666666666,"16.57,0.06,-0.14"
2014-09-01,244,214,metric,"93901, 93902, 93905, 93906, 93907, 93908, 93912, 93915, 93962",daily,18.5, ,27.4, ,13.2, ,14.9, ,4.48, ,0.0, ,79.0, ,95.0, ,49.0, ,21.4, ,255.0, ,1.7, ,176.3,Y,2.0,Y,3.297479452054795,21.624929971988795,10.043626062322945,51.23249299719888,9.952285714285711,-1.700000000000001,0.3,2.5,28.66,14.46,11.96,0.1749262280008031,1.2600000000000016,1.2599999999999998,-2.9399999999999995,1.00448275862069,1.0044827586206897,-2.343793103448276,36.625619,-121.537889,9,2014,9,2014,17.620689655172413,"17.62,1.0,-2.34"
2014-09-01,244,215,metric,"91326, 91327, 91311, 91344, 91313, 91394",daily,24.1, ,34.3, ,15.8, ,12.5, ,5.61, ,0.0, ,48.0, ,100.0, ,7.0, ,23.1, ,289.0, ,1.4, ,104.0,Y,1.2,Y,4.5818082191780825,27.2728021978022,11.54887640449438,25.673972602739727,5.796198830409358,3.3000000000000007,0.3,2.5,34.059999999999995,15.56,13.06,0.1790882345906383,-0.240000000000002,-0.2400000000000002,0.5600000000000005,-0.7077272727272734,-0.7077272727272728,1.6513636363636364,34.291331,-118.57004,9,2014,9,2014,23.433333333333334,"23.43,-0.71,1.65"
2014-09-01,244,216,metric,"91040, 91331, 91352",daily,24.0, ,32.1, ,16.7, ,15.1, ,5.59, ,0.0, ,58.0, ,88.0, ,29.0, ,27.7, ,283.0, ,1.7, ,134.4, ,1.6, ,4.258547945205479,26.2986301369863,11.62109589041096,31.164383561643834,6.596358543417366,1.5999999999999996,0.3,2.5,32.370000000000005,16.97,14.47,0.1487419340311509,0.2700000000000031,0.2699999999999996,-0.6300000000000008,-0.7739999999999998,-0.7739999999999997,1.806,34.256111,-118.38278,9,2014,9,2014,23.59666666666667,"23.6,-0.77,1.81"
2014-09-01,244,217,metric,"91360, 91362, 93021, 93065",daily,21.8, ,29.7, ,16.3, ,16.8, ,5.32, ,0.0, ,73.0, ,96.0, ,52.0, ,25.6, ,285.0, ,1.9, ,141.5, ,1.6, ,3.9997252747252734,26.489999999999995,13.093406593406591,40.7032967032967,10.020382165605096,-0.5,0.3,1.5,30.3,16.900000000000002,15.4,0.2130581113729144,0.6000000000000014,0.6000000000000014,-1.4000000000000004,0.3133333333333332,0.3133333333333334,-0.7311111111111112,34.269031,-118.849319,9,2014,9,2014,20.93703703703704,"20.94,0.31,-0.73"
2014-09-01,244,218,metric,92274,daily,31.0, ,40.7, ,19.1, ,10.1, ,7.21, ,0.0, ,28.0, ,64.0, ,13.0, ,26.7, ,289.0, ,1.2, ,173.9, ,2.0, ,5.533424657534248,31.73013698630137,13.04349030470914,19.72876712328767,7.284383561643836,9.000000000000002,0.3,5.0,39.5,17.900000000000002,12.9,0.0,-1.2000000000000028,-1.1999999999999993,2.8000000000000007,-0.2586206896551725,-0.2586206896551724,0.6034482758620687,33.595694,-116.15811,9,2014,9,2014,29.893333333333327,"29.89,-0.26,0.6"
2014-09-01,244,219,metric,"91303, 91304, 91306, 91308, 91311, 91367",daily,25.2, ,35.2, ,18.0, ,13.8, ,5.5, ,0.0, ,49.0, ,92.0, ,9.0, ,25.6, ,285.0, ,1.6, ,94.2,Y,1.1,Y,4.237835616438356,27.78794520547945,11.966301369863016,26.32602739726028,6.562146892655368,4.199999999999999,0.3,2.5,34.690000000000005,17.490000000000002,14.99,0.1000769325256495,-0.509999999999998,-0.509999999999998,1.1899999999999995,-0.9070000000000004,-0.9069999999999998,2.1163333333333334,34.214197,-118.64477,9,2014,9,2014,24.126666666666672,"24.13,-0.91,2.12"
2014-09-01,244,220,metric,93550,daily,27.4, ,35.6, ,18.5, ,4.3, ,6.18, ,0.0, ,23.0, ,42.0, ,14.0, ,,S,266.0, ,0.8, ,135.8, ,1.6, ,4.514958904109589,26.08484848484849,9.821212121212122,21.39178082191781,1.3171270718232042,14.2,0.3,2.5,32.09,14.99,12.489999999999998,0.0941770431321148,-3.509999999999998,-3.51,8.189999999999998,-2.2580000000000005,-2.258,5.268666666666666,34.592222,-118.1275,9,2014,9,2014,24.733333333333338,"24.73,-2.26,5.27"
2014-09-01,244,221,metric,"92304, 92332, 92338",daily,33.2, ,40.9, ,24.0, ,2.9,Y,7.72, ,0.0, ,15.0,Y,26.0, ,8.0, ,26.0, ,262.0, ,0.8,Y,204.6, ,2.4, ,5.781945205479452,31.54577259475219,15.31759530791789,14.68208092485549,-0.5613707165109035,21.1,0.3,5.0,36.07,19.17,14.17,0.0389497775313801,-4.829999999999998,-4.829999999999998,11.27,-2.337500000000001,-2.3375,5.454166666666667,34.513611,-115.51056,9,2014,9,2014,31.599999999999998,"31.6,-2.34,5.45"
2014-09-01,244,222,metric,"96035, 96055, 96078, 96080, 96090, 96092",daily,26.2, ,37.2, ,16.6, ,10.0, ,6.55, ,0.0, ,36.0, ,65.0, ,17.0, ,23.0, ,277.0, ,1.2, ,210.0, ,2.4, ,2.8941843971631203,23.829787234042552,10.32857142857143,47.297872340425535,9.811029411764704,6.600000000000001,0.3,0.0,35.22,14.62,14.62,0.9129811386632364,-1.980000000000004,-1.9800000000000004,4.620000000000001,-0.6840000000000006,-0.684,1.5959999999999996,40.040006,-122.154539,9,2014,9,2014,22.523333333333333,"22.52,-0.68,1.6"
2014-09-01,244,224,metric,,daily,28.5, ,39.8, ,17.3, ,2.7,Y,6.62, ,0.0, ,19.0,Y,41.0, ,8.0, ,25.8,Y,264.0, ,0.7,Y,169.3, ,2.0, ,3.757041095890411,25.84876712328767,8.602465753424656,31.304109589041097,5.544257703081233,14.6,0.3,0.0,35.419999999999995,12.920000000000002,12.920000000000002,0.6814164454685997,-4.380000000000003,-4.379999999999999,10.220000000000002,-1.746206896551724,-1.746206896551724,4.0744827586206895,40.63,-122.31,9,2014,9,2014,22.983333333333334,"22.98,-1.75,4.07"
2014-09-01,244,226,metric,"95695, 95776, 95627",daily,26.6, ,37.6, ,14.4, ,8.9, ,6.39, ,0.0, ,33.0, ,83.0, ,13.0, ,22.6, ,258.0, ,1.1, ,183.9, ,2.1, ,4.013561643835616,25.65331491712708,10.272651933701656,33.81163434903047,7.363535911602209,5.5,0.3,1.5,36.4,13.2,11.7,0.2713865180094959,-1.2000000000000028,-1.1999999999999993,2.799999999999999,-0.6679999999999999,-0.6679999999999999,1.5586666666666666,38.672722,-121.81172,9,2014,9,2014,22.60333333333333,"22.6,-0.67,1.56"
2014-09-01,244,227,metric,"95669, 95629, 95685",daily,24.9, ,34.2, ,15.0, ,5.6, ,6.16, ,0.0, ,29.0, ,48.0, ,15.0, ,23.1, ,286.0, ,0.9, ,136.9,Y,1.6,Y,3.651753424657534,22.370684931506847,8.434794520547944,36.52054794520548,5.202203856749311,9.4,0.3,0.5,31.53,12.33,11.829999999999998,0.5583356466024954,-2.6700000000000017,-2.67,6.229999999999999,-1.3200000000000005,-1.32,3.08,38.508333,-120.79972,9,2014,9,2014,20.736666666666665,"20.74,-1.32,3.08"
2014-09-01,244,228,metric,"95619, 95623, 95667, 95684",daily,26.1, ,33.5, ,18.7, ,4.4, ,6.32, ,0.0, ,25.0, ,36.0, ,15.0, ,23.1, ,279.0, ,0.8, ,131.5,Y,1.5,Y,3.9529589041095887,22.63756906077348,11.224585635359116,34.156164383561645,4.581163434903047,14.3,0.3,0.5,29.36,14.56,14.06,0.5634066383427015,-4.140000000000001,-4.140000000000001,9.659999999999998,-2.653,-2.653,6.190333333333333,38.636111,-120.79305,9,2014,9,2014,22.166666666666664,"22.17,-2.65,6.19"
2014-09-01,244,229,metric,"93940, 93955, 93943",daily,17.4, ,23.9, ,10.5, ,13.1, ,4.27, ,0.7, ,76.0, ,93.0, ,54.0, ,22.2, ,247.0, ,1.5, ,123.1, ,1.4, ,2.9610958904109594,20.63798882681564,7.969315068493151,52.01095890410959,8.74376731301939,-2.6,0.3,0.5,24.83,11.43,10.93,0.5327535159141376,0.9299999999999996,0.9299999999999996,-2.17,0.4779310344827588,0.4779310344827587,-1.1151724137931036,36.570111,-121.7865,9,2014,9,2014,16.603333333333335,"16.6,0.48,-1.12"
2014-09-01,244,231,metric,"93436, 93437, 93438",daily,16.9, ,20.1, ,14.3, ,14.3, ,3.67, ,0.0, ,85.0, ,92.0, ,75.0, ,20.8,Y,228.0, ,1.6, ,225.4,R,2.6,R,3.168876712328768,20.15917808219178,8.763561643835615,58.14246575342466,9.94,0.0,0.3,5.0,20.1,14.3,14.3,0.0364849910084382,0.0,0.0,0.0,0.0,0.0,0.0,34.672222,-120.51306,9,2014,9,2014,16.78333333333333,"16.78,0.0,0.0"
2014-09-01,244,232,metric,"93454, 93458, 93955, 93456, 93457, 93455, 93429",daily,17.1, ,25.5, ,12.3, ,14.0, ,4.55, ,0.0, ,82.0, ,95.0, ,58.0, ,21.4,Y,281.0, ,1.6, ,142.3, ,1.6, ,3.4320547945205475,21.451780821917808,9.86986301369863,53.221917808219175,9.847123287671234,-1.6999999999999993,0.3,2.5,26.76,13.56,11.06,0.1604534206114792,1.259999999999998,1.2599999999999998,-2.9399999999999995,1.047,1.047,-2.443,34.913472,-120.46478,9,2014,9,2014,17.063333333333336,"17.06,1.05,-2.44"
2014-09-01,244,233,metric,"92252, 92278, 92284",daily,29.6, ,38.3, ,18.4, ,2.3, ,,N,0.0, ,17.0, ,36.0, ,11.0, ,25.1,R,309.0,R,0.7, ,158.8, ,1.8, ,,28.27561643835616,10.727197802197804,15.452054794520548,-0.8111111111111106,16.099999999999998,0.3,0.0,33.47,13.57,13.569999999999997,,-4.829999999999998,-4.829999999999998,11.269999999999996,-3.153,-3.153,7.356999999999999,34.138147,-116.21319,9,2014,9,2014,27.279999999999998,"27.28,-3.15,7.36"
2014-09-01,244,235,metric,"95659, 95668, 95676, 95836, 95645, 95697, 95776",daily,23.9, ,36.2, ,12.6, ,15.8, ,4.78, ,0.0, ,61.0, ,93.0, ,38.0, ,20.7, ,254.0, ,1.8, ,100.1, ,1.2, ,3.722082191780822,25.38767123287672,8.534246575342467,43.01643835616439,9.587912087912086,-3.200000000000001,0.3,1.5,37.61000000000001,14.01,12.51,0.309077258273466,1.4100000000000037,1.41,-3.290000000000001,0.7893103448275862,0.7893103448275863,-1.8417241379310345,38.797944,-121.61136,9,2014,9,2014,21.196666666666665,"21.2,0.79,-1.84"
2014-09-01,244,237,metric,"92589, 92590, 92591, 92592, 92596, 92593, 92544, 92543",daily,23.6, ,31.9, ,15.7, ,10.9, ,6.29, ,0.0, ,45.0, ,77.0, ,25.0, ,20.7, ,285.0, ,1.3, ,197.2, ,2.3, ,4.5664931506849324,26.77041095890411,10.740883977900554,28.46849315068493,6.264285714285714,4.799999999999999,0.3,2.5,31.9,15.7,10.9,0.1340316900352177,0.0,0.0,0.0,0.0,0.0,0.0,33.55281,-117.043302,9,2014,9,2014,24.246666666666666,"24.25,0.0,0.0"
2014-09-01,244,240,metric,"92548, 92570, 92572, 92584, 92585, 92586, 92587",daily,24.5, ,33.7, ,13.2, ,7.0, ,7.02, ,0.0, ,33.0, ,83.0, ,9.0, ,23.1, ,305.0, ,1.0, ,202.5, ,2.3, ,4.550931506849316,27.759178082191777,8.999171270718234,27.117808219178084,6.808033240997229,6.199999999999999,0.3,2.5,33.7,13.2,7.0,0.0780812598956107,0.0,0.0,0.0,0.0,0.0,0.0,33.76,-117.2,9,2014,9,2014,24.723333333333333,"24.72,0.0,0.0"
2014-09-01,244,246,metric,"96120, 96133",daily,18.3, ,29.2, ,6.8, ,1.6, ,,N,0.0, ,32.0, ,58.0, ,17.0, ,22.4,Y,285.0, ,0.7, ,203.6, ,2.4, ,,20.58607594936709,3.3986928104575163,25.10126582278481,-1.091503267973856,5.199999999999999,0.3,0.0,29.2,6.8,1.6,,0.0,0.0,0.0,0.0,0.0,0.0,38.773409,-119.79193,9,2014,9,2014,17.276666666666664,"17.28,0.0,0.0"
