Date,Julian,Station,Standard,ZipCodes,Scope,Tavg,Tmax,Tmin,Tdew,ETo,Pr,RHavg,DayRelHumMax.Value,RHmin,DaySoilTmpAvg.Value,DaySolRadAvg.Value,DayVapPresAvg.Value,DayWindRun.Value,DayWindSpdAvg.Value,ETo_avg,Tmax_avg,Tmin_avg,RHmin_avg,Tdew_avg,ETo_Anom,RH_Anom,Tmin_Anom,Tdew_Anom,Tmax_Anom,dT,bT,aT,Tmax_corr2,Tmin_corr2,Tdew_corr2,AI,Tmax_diff,Tmin_diff,Tdew_diff,Tmax_diff_avg,Tmin_diff_avg,Tdew_diff_avg
2024-01-01,1,64,metric,93460,daily,8.7,19.1,2.5,5.7,1.33,0.1,82,100,42,14.8,115,0.9,55.4,0.6,3.3925146198830416,20.860818713450293,6.571345029239766,49.485380116959064,8.642105263157895,2.0625146198830415,7.485380116959064,4.071345029239766,2.9421052631578943,1.7608187134502913,-3.2,0.3,0,19.1,2.5,5.7,0.7862166448321036,0.0,0.0,0.0,,,
2024-01-02,2,64,metric,93460,daily,9.3,18.9,1.6,6.6,1.27,0.1,84,100,50,14.5,115,1.0,56.4,0.7,3.3925146198830416,20.860818713450293,6.571345029239766,49.485380116959064,8.642105263157895,2.1225146198830416,-0.5146198830409361,4.971345029239766,2.042105263157895,1.9608187134502941,-5.0,0.3,0,18.9,1.6,6.6,0.7862166448321036,0.0,0.0,0.0,,,
2024-01-03,3,64,metric,93460,daily,10.7,15.6,6.4,7.7,1.49,0.1,81,99,57,14.3,119,1.1,113.7,1.3,3.3925146198830416,20.860818713450293,6.571345029239766,49.485380116959064,8.642105263157895,1.9025146198830416,-7.514619883040936,0.1713450292397658,0.9421052631578943,5.260818713450293,-1.2999999999999998,0.3,0,15.6,6.4,7.7,0.7862166448321036,0.0,0.0,0.0,,,
2024-01-04,4,64,metric,93460,daily,10.2,17.8,3.4,3.2,1.94,0.1,62,89,34,14.2,134,0.8,126.2,1.5,3.3925146198830416,20.860818713450293,6.571345029239766,49.485380116959064,8.642105263157895,1.4525146198830416,15.485380116959064,3.1713450292397662,5.442105263157894,3.060818713450292,0.19999999999999973,0.3,0,17.8,3.4,3.2,0.7862166448321036,0.0,0.0,0.0,,,
2024-01-05,5,64,metric,93460,daily,9.0,19.6,1.2,2.9,1.82,0.0,66,95,36,13.8,132,0.8,78.4,0.9,3.3925146198830416,20.860818713450293,6.571345029239766,49.485380116959064,8.642105263157895,1.5725146198830415,13.485380116959064,5.371345029239766,5.742105263157894,1.2608187134502913,-1.7,0.3,0,19.6,1.2,2.9,0.7862166448321036,0.0,0.0,0.0,,,
2024-01-06,6,64,metric,93460,daily,7.4,17.6,-2.6,3.7,1.27,2.7,78,98,35,13.5,114,0.8,57.1,0.7,3.3925146198830416,20.860818713450293,6.571345029239766,49.485380116959064,8.642105263157895,2.1225146198830416,14.485380116959064,9.171345029239767,4.942105263157894,3.2608187134502913,-6.300000000000001,0.3,0,17.6,-2.6,3.7,0.7862166448321036,0.0,0.0,0.0,,,
2024-01-07,7,64,metric,93460,daily,7.2,13.7,-0.6,1.4,1.83,0.2,67,93,38,13.2,144,0.7,138.6,1.6,3.3925146198830416,20.860818713450293,6.571345029239766,49.485380116959064,8.642105263157895,1.5625146198830415,11.485380116959064,7.171345029239766,7.242105263157894,7.160818713450293,-2.0,0.3,0,13.7,-0.6,1.4,0.7862166448321036,0.0,0.0,0.0,,,
2024-01-08,8,64,metric,93460,daily,5.5,16.2,-3.2,-0.9,1.66,3.4,63,97,29,12.9,143,0.6,64.7,0.7,3.3925146198830416,20.860818713450293,6.571345029239766,49.485380116959064,8.642105263157895,1.7325146198830417,20.485380116959064,9.771345029239766,9.542105263157895,4.660818713450293,-2.3000000000000003,0.3,0,16.2,-3.2,-0.9,0.7862166448321036,0.0,0.0,0.0,,,
2024-01-09,9,64,metric,93460,daily,7.3,18.2,-2.9,3.1,1.79,2.0,75,97,37,12.5,144,0.8,106.5,1.2,3.3925146198830416,20.860818713450293,6.571345029239766,49.485380116959064,8.642105263157895,1.6025146198830416,12.485380116959064,9.471345029239766,5.542105263157895,2.6608187134502934,-6.0,0.3,0,18.2,-2.9,3.1,0.7862166448321036,0.0,0.0,0.0,,,
2024-01-10,10,64,metric,93460,daily,10.2,15.5,3.0,5.9,1.97,0.5,74,94,46,12.4,142,0.9,154.5,1.8,3.3925146198830416,20.860818713450293,6.571345029239766,49.485380116959064,8.642105263157895,1.4225146198830416,3.485380116959064,3.571345029239766,2.742105263157894,5.360818713450293,-2.9000000000000004,0.3,0,15.5,3.0,5.9,0.7862166448321036,0.0,0.0,0.0,,,
2024-01-11,11,64,metric,93460,daily,8.9,15.4,-1.7,1.2,2.03,0.0,59,92,32,12.5,149,0.7,150.2,1.7,3.3925146198830416,20.860818713450293,6.571345029239766,49.485380116959064,8.642105263157895,1.3625146198830418,17.485380116959064,8.271345029239766,7.442105263157894,5.460818713450292,-2.9,0.3,0,15.4,-1.7,1.2,0.7862166448321036,0.0,0.0,0.0,,,
2024-01-12,12,64,metric,93460,daily,4.3,16.7,-4.6,-1.3,1.62,34.6,67,96,30,12.4,150,0.6,58.8,0.7,3.3925146198830416,20.860818713450293,6.571345029239766,49.485380116959064,8.642105263157895,1.7725146198830415,19.485380116959064,11.171345029239767,9.942105263157895,4.160818713450293,-3.3,0.3,0,16.7,-4.6,-1.3,0.7862166448321036,0.0,0.0,0.0,,,
2024-01-13,13,64,metric,93460,daily,4.5,8.2,2.3,4.0,1.75,0.0,97,98,42,11.9,0,0.8,39.0,0.5,3.3925146198830416,20.860818713450293,6.571345029239766,49.485380116959064,8.642105263157895,1.6425146198830416,7.485380116959064,4.271345029239766,4.6421052631578945,12.660818713450293,-1.7000000000000002,0.3,0,8.2,2.3,4.0,0.7862166448321036,0.0,0.0,0.0,,,
2024-01-14,14,64,metric,93460,daily,10.6,19.1,2.3,8.6,1.79,0.1,87,100,59,12.1,138,1.1,113.5,1.3,3.3925146198830416,20.860818713450293,6.571345029239766,49.485380116959064,8.642105263157895,1.6025146198830416,-9.514619883040936,4.271345029239766,0.04210526315789487,1.7608187134502913,-6.3,0.3,0,19.1,2.3,8.6,0.7862166448321036,0.0,0.0,0.0,,,
2024-01-15,15,64,metric,93460,daily,11.2,19.4,6.8,8.9,1.21,0.0,85,99,54,12.5,104,1.1,61.9,0.7,3.3925146198830416,20.860818713450293,6.571345029239766,49.485380116959064,8.642105263157895,2.1825146198830416,-4.514619883040936,-0.22865497076023367,-0.25789473684210584,1.4608187134502941,-2.1000000000000005,0.3,0,19.4,6.8,8.9,0.7862166448321036,0.0,0.0,0.0,,,
2024-01-16,16,64,metric,93460,daily,10.9,20.0,4.7,8.5,1.65,0.1,85,100,47,13.0,131,1.1,72.5,0.8,3.3925146198830416,20.860818713450293,6.571345029239766,49.485380116959064,8.642105263157895,1.7425146198830417,2.485380116959064,1.871345029239766,0.1421052631578945,0.8608187134502927,-3.8,0.3,0,20.0,4.7,8.5,0.7862166448321036,0.0,0.0,0.0,,,
2024-01-17,17,64,metric,93460,daily,13.7,21.6,10.3,11.2,1.44,0.0,85,97,54,13.4,116,1.3,81.5,0.9,3.3925146198830416,20.860818713450293,6.571345029239766,49.485380116959064,8.642105263157895,1.9525146198830416,-4.514619883040936,-3.7286549707602346,-2.5578947368421048,-0.7391812865497087,-0.8999999999999986,0.3,0,21.6,10.3,11.2,0.7862166448321036,0.0,0.0,0.0,,,
2024-01-18,18,64,metric,93460,daily,12.3,18.2,7.8,9.5,1.49,0.0,83,97,63,13.8,121,1.2,81.1,0.9,3.3925146198830416,20.860818713450293,6.571345029239766,49.485380116959064,8.642105263157895,1.9025146198830416,-13.514619883040936,-1.2286549707602337,-0.8578947368421055,2.6608187134502934,-1.7000000000000002,0.3,0,18.2,7.8,9.5,0.7862166448321036,0.0,0.0,0.0,,,
2024-01-19,19,64,metric,93460,daily,13.9,21.6,7.1,7.8,1.57,0.1,66,98,30,14.0,98,1.1,129.3,1.5,3.3925146198830416,20.860818713450293,6.571345029239766,49.485380116959064,8.642105263157895,1.8225146198830415,19.485380116959064,-0.5286549707602335,0.8421052631578947,-0.7391812865497087,-0.7000000000000002,0.3,0,21.6,7.1,7.8,0.7862166448321036,0.0,0.0,0.0,,,
2024-01-20,20,64,metric,93460,daily,13.9,16.9,11.5,11.5,0.39,4.7,86,97,74,14.1,47,1.4,77.0,0.9,3.3925146198830416,20.860818713450293,6.571345029239766,49.485380116959064,8.642105263157895,3.0025146198830415,-24.514619883040936,-4.928654970760234,-2.8578947368421055,3.960818713450294,0.0,0.3,0,16.9,11.5,11.5,0.7862166448321036,0.0,0.0,0.0,,,
2024-01-21,21,64,metric,93460,daily,14.0,19.5,10.8,10.3,1.52,0.2,78,96,62,14.2,115,1.3,98.2,1.1,3.3925146198830416,20.860818713450293,6.571345029239766,49.485380116959064,8.642105263157895,1.8725146198830416,-12.514619883040936,-4.2286549707602346,-1.6578947368421062,1.3608187134502927,0.5,0.3,0,19.5,10.8,10.3,0.7862166448321036,0.0,0.0,0.0,,,
2024-01-22,22,64,metric,93460,daily,14.4,18.9,12.0,12.1,1.11,10.0,86,98,73,14.5,90,1.4,118.6,1.4,3.3925146198830416,20.860818713450293,6.571345029239766,49.485380116959064,8.642105263157895,2.2825146198830417,-23.514619883040936,-5.428654970760234,-3.457894736842105,1.9608187134502941,-0.09999999999999964,0.3,0,18.9,12.0,12.1,0.7862166448321036,0.0,0.0,0.0,,,
2024-01-23,23,64,metric,93460,daily,11.4,13.0,7.9,9.8,2.2,0.0,90,95,59,14.7,0,1.2,65.6,0.8,3.3925146198830416,20.860818713450293,6.571345029239766,49.485380116959064,8.642105263157895,1.1925146198830414,-9.514619883040936,-1.3286549707602342,-1.1578947368421062,7.860818713450293,-1.9000000000000004,0.3,0,13.0,7.9,9.8,0.7862166448321036,0.0,0.0,0.0,,,
2024-01-24,24,64,metric,93460,daily,10.6,14.2,6.1,8.8,0.28,0.2,89,98,73,14.7,45,1.1,46.1,0.5,3.3925146198830416,20.860818713450293,6.571345029239766,49.485380116959064,8.642105263157895,3.112514619883042,-23.514619883040936,0.4713450292397665,-0.1578947368421062,6.660818713450293,-2.700000000000001,0.3,0,14.2,6.1,8.8,0.7862166448321036,0.0,0.0,0.0,,,
2024-01-25,25,64,metric,93460,daily,12.8,20.2,5.0,10.5,1.87,4.9,86,99,56,14.5,144,1.3,86.2,1.0,3.3925146198830416,20.860818713450293,6.571345029239766,49.485380116959064,8.642105263157895,1.5225146198830415,-6.514619883040936,1.5713450292397662,-1.8578947368421055,0.6608187134502934,-5.5,0.3,0,20.2,5.0,10.5,0.7862166448321036,0.0,0.0,0.0,,,
2024-01-26,26,64,metric,93460,daily,11.2,23.5,3.0,6.4,2.07,0.0,72,99,28,14.7,159,1.0,54.3,0.6,3.3925146198830416,20.860818713450293,6.571345029239766,49.485380116959064,8.642105263157895,1.3225146198830418,21.485380116959064,3.571345029239766,2.242105263157894,-2.6391812865497073,-3.4000000000000004,0.3,0,23.5,3.0,6.4,0.7862166448321036,0.0,0.0,0.0,,,
2024-01-27,27,64,metric,93460,daily,13.9,26.5,4.8,7.6,2.06,0.0,66,99,24,14.6,148,1.0,43.3,0.5,3.3925146198830416,20.860818713450293,6.571345029239766,49.485380116959064,8.642105263157895,1.3325146198830415,25.485380116959064,1.7713450292397663,1.0421052631578949,-5.639181286549707,-2.8,0.3,0,26.5,4.8,7.6,0.7862166448321036,0.0,0.0,0.0,,,
2024-01-28,28,64,metric,93460,daily,10.4,17.1,6.4,7.7,2.58,0.0,83,99,27,14.8,0,1.0,38.5,0.4,3.3925146198830416,20.860818713450293,6.571345029239766,49.485380116959064,8.642105263157895,0.8125146198830415,22.485380116959064,0.1713450292397658,0.9421052631578943,3.7608187134502913,-1.2999999999999998,0.3,0,17.1,6.4,7.7,0.7862166448321036,0.0,0.0,0.0,,,
2024-01-29,29,64,metric,93460,daily,12.3,25.8,3.1,6.2,2.53,0.0,66,99,25,14.9,167,1.0,75.3,0.9,3.3925146198830416,20.860818713450293,6.571345029239766,49.485380116959064,8.642105263157895,0.8625146198830418,24.485380116959064,3.471345029239766,2.4421052631578943,-4.939181286549708,-3.1,0.3,0,25.8,3.1,6.2,0.7862166448321036,0.0,0.0,0.0,,,
2024-01-30,30,64,metric,93460,daily,10.9,23.8,2.2,6.5,1.75,0.0,75,99,30,14.8,132,1.0,60.7,0.7,3.3925146198830416,20.860818713450293,6.571345029239766,49.485380116959064,8.642105263157895,1.6425146198830416,19.485380116959064,4.371345029239766,2.1421052631578945,-2.939181286549708,-4.3,0.3,0,23.8,2.2,6.5,0.7862166448321036,0.0,0.0,0.0,,,
2024-01-31,31,64,metric,93460,daily,11.9,19.0,4.0,7.5,1.94,11.5,75,99,42,14.6,123,1.0,165.2,1.9,3.3925146198830416,20.860818713450293,6.571345029239766,49.485380116959064,8.642105263157895,1.4525146198830416,7.485380116959064,2.571345029239766,1.1421052631578945,1.8608187134502927,-3.5,0.3,0,19.0,4.0,7.5,0.7862166448321036,0.0,0.0,0.0,0.0,0.0,0.0
2024-02-01,32,64,metric,93460,daily,12.8,16.2,8.1,10.1,1.23,36.8,84,97,70,14.4,108,1.2,123.8,1.4,3.3925146198830416,20.860818713450293,6.571345029239766,49.485380116959064,8.642105263157895,2.1625146198830416,-20.514619883040936,-1.5286549707602335,-1.4578947368421051,4.660818713450293,-2.0,0.3,0,16.2,8.1,10.1,0.7862166448321036,0.0,0.0,0.0,,,
2024-02-02,33,64,metric,93460,daily,9.4,15.7,5.2,7.0,1.4,2.5,85,99,57,14.5,120,1.0,87.9,1.0,3.3925146198830416,20.860818713450293,6.571345029239766,49.485380116959064,8.642105263157895,1.9925146198830417,-7.514619883040936,1.371345029239766,1.6421052631578945,5.160818713450293,-1.7999999999999998,0.3,0,15.7,5.2,7.0,0.7862166448321036,0.0,0.0,0.0,,,
2024-02-03,34,64,metric,93460,daily,8.4,14.4,1.5,5.4,0.87,2.4,82,99,53,14.3,84,0.9,82.4,1.0,3.3925146198830416,20.860818713450293,6.571345029239766,49.485380116959064,8.642105263157895,2.5225146198830415,-3.514619883040936,5.071345029239766,3.242105263157894,6.460818713450292,-3.9000000000000004,0.3,0,14.4,1.5,5.4,0.7862166448321036,0.0,0.0,0.0,,,
2024-02-04,35,64,metric,93460,daily,12.8,14.9,9.4,9.7,0.59,67.4,82,92,75,13.6,36,1.2,344.1,4.0,3.3925146198830416,20.860818713450293,6.571345029239766,49.485380116959064,8.642105263157895,2.8025146198830417,-25.514619883040936,-2.828654970760234,-1.0578947368421048,5.960818713450292,-0.29999999999999893,0.3,0,14.9,9.4,9.7,0.7862166448321036,0.0,0.0,0.0,,,
2024-02-05,36,64,metric,93460,daily,11.9,17.5,6.8,9.7,0.84,25.6,86,98,62,13.0,83,1.2,75.2,0.9,3.3925146198830416,20.860818713450293,6.571345029239766,49.485380116959064,8.642105263157895,2.5525146198830417,-12.514619883040936,-0.22865497076023367,-1.0578947368421048,3.3608187134502927,-2.8999999999999995,0.3,0,17.5,6.8,9.7,0.7862166448321036,0.0,0.0,0.0,,,
2024-02-06,37,64,metric,93460,daily,9.9,13.1,7.6,8.3,0.76,9.0,90,99,73,12.7,84,1.1,68.7,0.8,3.3925146198830416,20.860818713450293,6.571345029239766,49.485380116959064,8.642105263157895,2.6325146198830414,-23.514619883040936,-1.0286549707602335,0.3421052631578938,7.760818713450293,-0.7000000000000011,0.3,0,13.1,7.6,8.3,0.7862166448321036,0.0,0.0,0.0,,,
2024-02-07,38,64,metric,93460,daily,9.4,14.4,5.6,7.4,1.18,7.9,87,98,63,12.9,105,1.0,92.2,1.1,3.3925146198830416,20.860818713450293,6.571345029239766,49.485380116959064,8.642105263157895,2.2125146198830414,-13.514619883040936,0.9713450292397665,1.2421052631578942,6.460818713450292,-1.8000000000000007,0.3,0,14.4,5.6,7.4,0.7862166448321036,0.0,0.0,0.0,,,
2024-02-08,39,64,metric,93460,daily,5.5,7.3,3.2,4.9,1.39,0.0,96,99,54,12.8,0,0.9,38.5,0.4,3.3925146198830416,20.860818713450293,6.571345029239766,49.485380116959064,8.642105263157895,2.0025146198830415,-4.514619883040936,3.371345029239766,3.742105263157894,13.560818713450292,-1.7000000000000002,0.3,0,7.3,3.2,4.9,0.7862166448321036,0.0,0.0,0.0,,,
2024-02-09,40,64,metric,93460,daily,7.5,16.1,2.2,4.3,2.13,0.1,80,100,45,12.8,170,0.8,95.9,1.1,3.3925146198830416,20.860818713450293,6.571345029239766,49.485380116959064,8.642105263157895,1.2625146198830417,4.485380116959064,4.371345029239766,4.342105263157895,4.760818713450291,-2.0999999999999996,0.3,0,16.1,2.2,4.3,0.7862166448321036,0.0,0.0,0.0,,,
2024-02-10,41,64,metric,93460,daily,8.4,17.4,2.4,3.7,2.32,0.0,72,98,41,12.7,189,0.8,77.2,0.9,3.3925146198830416,20.860818713450293,6.571345029239766,49.485380116959064,8.642105263157895,1.0725146198830418,8.485380116959064,4.171345029239767,4.942105263157894,3.460818713450294,-1.3000000000000003,0.3,0,17.4,2.4,3.7,0.7862166448321036,0.0,0.0,0.0,,,
2024-02-11,42,64,metric,93460,daily,7.4,18.2,-0.8,2.3,2.41,0.0,70,99,30,12.7,191,0.7,74.6,0.9,3.3925146198830416,20.860818713450293,6.571345029239766,49.485380116959064,8.642105263157895,0.9825146198830415,19.485380116959064,7.371345029239766,6.342105263157895,2.6608187134502934,-3.0999999999999996,0.3,0,18.2,-0.8,2.3,0.7862166448321036,0.0,0.0,0.0,,,
2024-02-12,43,64,metric,93460,daily,5.2,7.2,3.9,4.6,2.44,0.0,96,99,33,12.6,0,0.8,38.6,0.4,3.3925146198830416,20.860818713450293,6.571345029239766,49.485380116959064,8.642105263157895,0.9525146198830416,16.485380116959064,2.6713450292397662,4.042105263157895,13.660818713450293,-0.6999999999999997,0.3,0,7.2,3.9,4.6,0.7862166448321036,0.0,0.0,0.0,,,
2024-02-13,44,64,metric,93460,daily,9.0,18.8,0.0,6.0,2.35,0.0,82,99,46,12.7,188,0.9,80.5,0.9,3.3925146198830416,20.860818713450293,6.571345029239766,49.485380116959064,8.642105263157895,1.0425146198830415,3.485380116959064,6.571345029239766,2.6421052631578945,2.060818713450292,-6.0,0.3,0,18.8,0.0,6.0,0.7862166448321036,0.0,0.0,0.0,,,
2024-02-14,45,64,metric,93460,daily,11.8,17.2,6.7,7.9,1.93,0.0,77,96,53,12.9,150,1.1,72.8,0.8,3.3925146198830416,20.860818713450293,6.571345029239766,49.485380116959064,8.642105263157895,1.4625146198830417,-3.514619883040936,-0.12865497076023402,0.7421052631578942,3.6608187134502934,-1.2000000000000002,0.3,0,17.2,6.7,7.9,0.7862166448321036,0.0,0.0,0.0,,,
2024-02-15,46,64,metric,93460,daily,12.7,21.1,6.8,9.6,2.42,0.0,82,98,49,13.3,179,1.2,87.8,1.0,3.3925146198830416,20.860818713450293,6.571345029239766,49.485380116959064,8.642105263157895,0.9725146198830417,0.4853801169590639,-0.22865497076023367,-0.9578947368421051,-0.23918128654970872,-2.8,0.3,0,21.1,6.8,9.6,0.7862166448321036,0.0,0.0,0.0,,,
2024-02-16,47,64,metric,93460,daily,12.3,21.6,5.9,8.3,2.59,0.0,77,99,46,13.7,188,1.1,75.0,0.9,3.3925146198830416,20.860818713450293,6.571345029239766,49.485380116959064,8.642105263157895,0.8025146198830417,3.485380116959064,0.6713450292397658,0.3421052631578938,-0.7391812865497087,-2.4000000000000004,0.3,0,21.6,5.9,8.3,0.7862166448321036,0.0,0.0,0.0,,,
2024-02-17,48,64,metric,93460,daily,11.3,18.1,6.0,8.7,1.53,5.8,84,100,56,14.0,119,1.1,88.9,1.0,3.3925146198830416,20.860818713450293,6.571345029239766,49.485380116959064,8.642105263157895,1.8625146198830416,-6.514619883040936,0.5713450292397662,-0.05789473684210478,2.7608187134502913,-2.6999999999999993,0.3,0,18.1,6.0,8.7,0.7862166448321036,0.0,0.0,0.0,,,
2024-02-18,49,64,metric,93460,daily,13.4,17.9,9.8,10.9,0.61,11.3,85,94,67,14.1,61,1.3,114.7,1.3,3.3925146198830416,20.860818713450293,6.571345029239766,49.485380116959064,8.642105263157895,2.7825146198830417,-17.514619883040936,-3.2286549707602346,-2.257894736842106,2.960818713450294,-1.0999999999999996,0.3,0,17.9,9.8,10.9,0.7862166448321036,0.0,0.0,0.0,,,
2024-02-19,50,64,metric,93460,daily,14.2,17.0,11.1,12.6,1.1,57.6,90,98,80,13.7,101,1.5,116.5,1.3,3.3925146198830416,20.860818713450293,6.571345029239766,49.485380116959064,8.642105263157895,2.2925146198830415,-30.514619883040936,-4.5286549707602335,-3.957894736842105,3.8608187134502927,-1.5,0.3,0,17.0,11.1,12.6,0.7862166448321036,0.0,0.0,0.0,,,
2024-02-20,51,64,metric,93460,daily,12.4,18.0,8.9,10.3,1.66,5.0,87,100,66,14.1,130,1.3,85.4,1.0,3.3925146198830416,20.860818713450293,6.571345029239766,49.485380116959064,8.642105263157895,1.7325146198830417,-16.514619883040936,-2.328654970760234,-1.6578947368421062,2.8608187134502927,-1.4000000000000004,0.3,0,18.0,8.9,10.3,0.7862166448321036,0.0,0.0,0.0,,,
2024-02-21,52,64,metric,93460,daily,12.9,18.4,9.2,9.9,2.46,5.1,82,98,58,14.3,183,1.2,106.2,1.2,3.3925146198830416,20.860818713450293,6.571345029239766,49.485380116959064,8.642105263157895,0.9325146198830416,-8.514619883040936,-2.628654970760233,-1.2578947368421058,2.460818713450294,-0.7000000000000011,0.3,0,18.4,9.2,9.9,0.7862166448321036,0.0,0.0,0.0,,,
2024-02-22,53,64,metric,93460,daily,11.9,19.7,6.4,8.4,2.73,0.7,79,98,51,14.5,206,1.1,81.4,0.9,3.3925146198830416,20.860818713450293,6.571345029239766,49.485380116959064,8.642105263157895,0.6625146198830416,-1.514619883040936,0.1713450292397658,0.24210526315789416,1.1608187134502934,-2.0,0.3,0,19.7,6.4,8.4,0.7862166448321036,0.0,0.0,0.0,,,
2024-02-23,54,64,metric,93460,daily,12.0,23.9,5.6,6.5,2.59,0.0,69,99,30,14.6,165,1.0,85.4,1.0,3.3925146198830416,20.860818713450293,6.571345029239766,49.485380116959064,8.642105263157895,0.8025146198830417,19.485380116959064,0.9713450292397665,2.1421052631578945,-3.039181286549706,-0.9000000000000004,0.3,0,23.9,5.6,6.5,0.7862166448321036,0.0,0.0,0.0,,,
2024-02-24,55,64,metric,93460,daily,8.7,9.3,7.5,8.2,2.74,0.0,97,98,36,14.5,0,1.1,38.4,0.4,3.3925146198830416,20.860818713450293,6.571345029239766,49.485380116959064,8.642105263157895,0.6525146198830414,13.485380116959064,-0.9286549707602338,0.4421052631578952,11.560818713450292,-0.6999999999999993,0.3,0,9.3,7.5,8.2,0.7862166448321036,0.0,0.0,0.0,,,
2024-02-25,56,64,metric,93460,daily,11.2,22.1,5.0,8.0,2.48,0.1,81,100,41,14.6,185,1.1,73.9,0.9,3.3925146198830416,20.860818713450293,6.571345029239766,49.485380116959064,8.642105263157895,0.9125146198830416,8.485380116959064,1.5713450292397662,0.6421052631578945,-1.2391812865497087,-3.0,0.3,0,22.1,5.0,8.0,0.7862166448321036,0.0,0.0,0.0,,,
2024-02-26,57,64,metric,93460,daily,11.4,18.9,5.6,8.3,1.38,0.0,81,99,51,14.7,112,1.1,61.8,0.7,3.3925146198830416,20.860818713450293,6.571345029239766,49.485380116959064,8.642105263157895,2.0125146198830417,-1.514619883040936,0.9713450292397665,0.3421052631578938,1.9608187134502941,-2.700000000000001,0.3,0,18.9,5.6,8.3,0.7862166448321036,0.0,0.0,0.0,,,
2024-02-27,58,64,metric,93460,daily,11.5,20.1,5.3,9.1,2.87,0.0,85,99,64,14.6,211,1.2,91.2,1.1,3.3925146198830416,20.860818713450293,6.571345029239766,49.485380116959064,8.642105263157895,0.5225146198830415,-14.514619883040936,1.2713450292397663,-0.45789473684210513,0.7608187134502913,-3.8,0.3,0,20.1,5.3,9.1,0.7862166448321036,0.0,0.0,0.0,,,
2024-02-28,59,64,metric,93460,daily,12.3,23.2,5.6,9.0,3.12,0.1,80,100,46,14.7,220,1.1,81.7,0.9,3.3925146198830416,20.860818713450293,6.571345029239766,49.485380116959064,8.642105263157895,0.2725146198830415,3.485380116959064,0.9713450292397665,-0.3578947368421055,-2.3391812865497066,-3.4000000000000004,0.3,0,23.2,5.6,9.0,0.7862166448321036,0.0,0.0,0.0,,,
2024-02-29,60,64,metric,93460,daily,11.1,15.9,6.6,8.6,1.9,0.1,85,99,65,15.0,150,1.1,114.4,1.3,3.3925146198830416,20.860818713450293,6.571345029239766,49.485380116959064,8.642105263157895,1.4925146198830417,-15.514619883040936,-0.02865497076023349,0.04210526315789487,4.960818713450292,-2.0,0.3,0,15.9,6.6,8.6,0.7862166448321036,0.0,0.0,0.0,0.0,0.0,0.0
2024-03-01,61,64,metric,93460,daily,11.5,12.1,11.1,10.8,1.88,1.4,96,97,76,14.9,0,1.3,40.2,0.5,3.3925146198830416,20.860818713450293,6.571345029239766,49.485380116959064,8.642105263157895,1.5125146198830417,-26.514619883040936,-4.5286549707602335,-2.157894736842106,8.760818713450293,0.29999999999999893,0.3,0,12.1,11.1,10.8,0.7862166448321036,0.0,0.0,0.0,,,
2024-03-02,62,64,metric,93460,daily,12.2,15.8,8.8,9.2,1.57,5.9,82,97,61,15.1,128,1.2,107.6,1.2,3.3925146198830416,20.860818713450293,6.571345029239766,49.485380116959064,8.642105263157895,1.8225146198830415,-11.514619883040936,-2.2286549707602346,-0.5578947368421048,5.060818713450292,-0.3999999999999986,0.3,0,15.8,8.8,9.2,0.7862166448321036,0.0,0.0,0.0,,,
2024-03-03,63,64,metric,93460,daily,10.9,16.0,6.2,7.5,2.26,3.3,80,98,54,15.0,174,1.0,108.2,1.3,3.3925146198830416,20.860818713450293,6.571345029239766,49.485380116959064,8.642105263157895,1.1325146198830418,-4.514619883040936,0.371345029239766,1.1421052631578945,4.860818713450293,-1.2999999999999998,0.3,0,16.0,6.2,7.5,0.7862166448321036,0.0,0.0,0.0,,,
2024-03-04,64,64,metric,93460,daily,10.9,17.6,5.8,6.6,3.27,0.0,75,97,50,14.9,232,1.0,131.8,1.5,3.3925146198830416,20.860818713450293,6.571345029239766,49.485380116959064,8.642105263157895,0.12251461988304158,-0.5146198830409361,0.7713450292397663,2.042105263157895,3.2608187134502913,-0.7999999999999998,0.3,0,17.6,5.8,6.6,0.7862166448321036,0.0,0.0,0.0,,,
2024-03-05,65,64,metric,93460,daily,9.7,11.2,8.3,8.6,3.07,0.0,93,100,47,14.7,0,1.1,38.4,0.4,3.3925146198830416,20.860818713450293,6.571345029239766,49.485380116959064,8.642105263157895,0.32251461988304175,2.485380116959064,-1.7286549707602346,0.04210526315789487,9.660818713450293,-0.29999999999999893,0.3,0,11.2,8.3,8.6,0.7862166448321036,0.0,0.0,0.0,,,
2024-03-06,66,64,metric,93460,daily,10.3,15.5,6.7,8.8,0.37,9.9,90,99,66,14.9,55,1.1,64.8,0.8,3.3925146198830416,20.860818713450293,6.571345029239766,49.485380116959064,8.642105263157895,3.0225146198830415,-16.514619883040936,-0.12865497076023402,-0.1578947368421062,5.360818713450293,-2.1000000000000005,0.3,0,15.5,6.7,8.8,0.7862166448321036,0.0,0.0,0.0,,,
2024-03-07,67,64,metric,93460,daily,11.0,16.6,6.2,8.1,2.55,0.1,82,99,64,14.7,187,1.1,151.8,1.8,3.3925146198830416,20.860818713450293,6.571345029239766,49.485380116959064,8.642105263157895,0.8425146198830418,-14.514619883040936,0.371345029239766,0.5421052631578949,4.260818713450291,-1.8999999999999995,0.3,0,16.6,6.2,8.1,0.7862166448321036,0.0,0.0,0.0,,,
2024-03-08,68,64,metric,93460,daily,11.0,21.8,2.3,7.3,3.22,0.0,78,99,44,14.5,228,1.0,79.9,0.9,3.3925146198830416,20.860818713450293,6.571345029239766,49.485380116959064,8.642105263157895,0.1725146198830414,5.485380116959064,4.271345029239766,1.3421052631578947,-0.939181286549708,-5.0,0.3,0,21.8,2.3,7.3,0.7862166448321036,0.0,0.0,0.0,,,
2024-03-09,69,64,metric,93460,daily,10.8,20.8,4.9,8.4,2.72,0.0,85,99,53,14.7,207,1.1,82.7,1.0,3.3925146198830416,20.860818713450293,6.571345029239766,49.485380116959064,8.642105263157895,0.6725146198830414,-3.514619883040936,1.6713450292397658,0.24210526315789416,0.060818713450291995,-3.5,0.3,0,20.8,4.9,8.4,0.7862166448321036,0.0,0.0,0.0,,,
2024-03-10,70,64,metric,93460,daily,11.5,19.0,5.5,8.8,2.73,0.0,83,99,63,14.9,200,1.1,90.1,1.0,3.3925146198830416,20.860818713450293,6.571345029239766,49.485380116959064,8.642105263157895,0.6625146198830416,-13.514619883040936,1.0713450292397662,-0.1578947368421062,1.8608187134502927,-3.3000000000000007,0.3,0,19.0,5.5,8.8,0.7862166448321036,0.0,0.0,0.0,,,
2024-03-11,71,64,metric,93460,daily,12.4,19.8,5.4,8.2,3.31,0.0,76,98,50,15.0,238,1.1,108.3,1.3,3.3925146198830416,20.860818713450293,6.571345029239766,49.485380116959064,8.642105263157895,0.08251461988304154,-0.5146198830409361,1.1713450292397658,0.4421052631578952,1.060818713450292,-2.799999999999999,0.3,0,19.8,5.4,8.2,0.7862166448321036,0.0,0.0,0.0,,,
2024-03-12,72,64,metric,93460,daily,13.1,20.4,7.2,9.4,3.26,0.0,78,96,55,15.2,218,1.2,145.6,1.7,3.3925146198830416,20.860818713450293,6.571345029239766,49.485380116959064,8.642105263157895,0.1325146198830418,-5.514619883040936,-0.628654970760234,-0.7578947368421058,0.4608187134502941,-2.2,0.3,0,20.4,7.2,9.4,0.7862166448321036,0.0,0.0,0.0,,,
2024-03-13,73,64,metric,93460,daily,14.0,21.4,7.1,6.1,3.93,0.4,59,92,36,15.4,246,0.9,143.3,1.7,3.3925146198830416,20.860818713450293,6.571345029239766,49.485380116959064,8.642105263157895,-0.5374853801169586,13.485380116959064,-0.5286549707602335,2.542105263157895,-0.5391812865497059,1.0,0.3,0,21.4,7.1,6.1,0.7862166448321036,0.0,0.0,0.0,,,
2024-03-14,74,64,metric,93460,daily,11.6,21.7,3.6,3.4,3.77,0.0,57,92,21,15.4,261,0.8,95.0,1.1,3.3925146198830416,20.860818713450293,6.571345029239766,49.485380116959064,8.642105263157895,-0.3774853801169584,28.485380116959064,2.971345029239766,5.242105263157894,-0.8391812865497066,0.20000000000000018,0.3,0,21.7,3.6,3.4,0.7862166448321036,0.0,0.0,0.0,,,
2024-03-15,75,64,metric,93460,daily,10.6,21.8,1.0,2.7,3.83,0.0,58,97,25,15.3,264,0.7,91.2,1.1,3.3925146198830416,20.860818713450293,6.571345029239766,49.485380116959064,8.642105263157895,-0.4374853801169585,24.485380116959064,5.571345029239766,5.942105263157894,-0.939181286549708,-1.7000000000000002,0.3,0,21.8,1.0,2.7,0.7862166448321036,0.0,0.0,0.0,,,
2024-03-16,76,64,metric,93460,daily,10.5,21.5,0.5,3.8,3.71,0.0,63,97,29,15.1,253,0.8,90.2,1.0,3.3925146198830416,20.860818713450293,6.571345029239766,49.485380116959064,8.642105263157895,-0.31748538011695837,20.485380116959064,6.071345029239766,4.842105263157895,-0.6391812865497073,-3.3,0.3,0,21.5,0.5,3.8,0.7862166448321036,0.0,0.0,0.0,,,
2024-03-17,77,64,metric,93460,daily,13.0,22.8,6.2,9.0,3.73,0.0,77,97,46,15.0,256,1.1,100.8,1.2,3.3925146198830416,20.860818713450293,6.571345029239766,49.485380116959064,8.642105263157895,-0.3374853801169584,3.485380116959064,0.371345029239766,-0.3578947368421055,-1.939181286549708,-2.8,0.3,0,22.8,6.2,9.0,0.7862166448321036,0.0,0.0,0.0,,,
2024-03-18,78,64,metric,93460,daily,14.6,27.4,5.7,8.5,4.23,0.0,66,100,27,15.3,263,1.1,94.8,1.1,3.3925146198830416,20.860818713450293,6.571345029239766,49.485380116959064,8.642105263157895,-0.8374853801169588,22.485380116959064,0.871345029239766,0.1421052631578945,-6.539181286549706,-2.8,0.3,0,27.4,5.7,8.5,0.7862166448321036,0.0,0.0,0.0,,,
2024-03-19,79,64,metric,93460,daily,13.7,24.7,4.4,9.8,4.03,0.0,77,99,50,15.6,265,1.2,89.9,1.0,3.3925146198830416,20.860818713450293,6.571345029239766,49.485380116959064,8.642105263157895,-0.6374853801169587,-0.5146198830409361,2.171345029239766,-1.1578947368421062,-3.8391812865497066,-5.4,0.3,0,24.7,4.4,9.8,0.7862166448321036,0.0,0.0,0.0,,,
2024-03-20,80,64,metric,93460,daily,13.4,25.9,6.8,9.6,3.94,0.1,78,100,43,15.7,250,1.2,105.4,1.2,3.3925146198830416,20.860818713450293,6.571345029239766,49.485380116959064,8.642105263157895,-0.5474853801169584,6.485380116959064,-0.22865497076023367,-0.9578947368421051,-5.039181286549706,-2.8,0.3,0,25.9,6.8,9.6,0.7862166448321036,0.0,0.0,0.0,,,
2024-03-21,81,64,metric,93460,daily,11.8,22.7,3.6,7.8,3.9,0.0,76,99,49,15.8,260,1.1,105.7,1.2,3.3925146198830416,20.860818713450293,6.571345029239766,49.485380116959064,8.642105263157895,-0.5074853801169583,0.4853801169590639,2.971345029239766,0.8421052631578947,-1.8391812865497066,-4.199999999999999,0.3,0,22.7,3.6,7.8,0.7862166448321036,0.0,0.0,0.0,,,
2024-03-22,82,64,metric,93460,daily,12.8,21.8,5.1,9.6,3.58,0.7,81,99,51,15.8,243,1.2,106.4,1.2,3.3925146198830416,20.860818713450293,6.571345029239766,49.485380116959064,8.642105263157895,-0.18748538011695848,-1.514619883040936,1.4713450292397665,-0.9578947368421051,-0.939181286549708,-4.5,0.3,0,21.8,5.1,9.6,0.7862166448321036,0.0,0.0,0.0,,,
2024-03-23,83,64,metric,93460,daily,12.0,16.7,7.8,8.2,3.35,17.6,78,97,52,15.9,233,1.1,151.5,1.8,3.3925146198830416,20.860818713450293,6.571345029239766,49.485380116959064,8.642105263157895,0.042514619883041505,-2.514619883040936,-1.2286549707602337,0.4421052631578952,4.160818713450293,-0.39999999999999947,0.3,0,16.7,7.8,8.2,0.7862166448321036,0.0,0.0,0.0,,,
2024-03-24,84,64,metric,93460,daily,10.6,15.5,7.0,7.5,2.33,1.9,81,97,62,15.9,168,1.0,162.7,1.9,3.3925146198830416,20.860818713450293,6.571345029239766,49.485380116959064,8.642105263157895,1.0625146198830415,-12.514619883040936,-0.42865497076023384,1.1421052631578945,5.360818713450293,-0.5,0.3,0,15.5,7.0,7.5,0.7862166448321036,0.0,0.0,0.0,,,
2024-03-25,85,64,metric,93460,daily,11.7,18.5,6.6,7.4,3.83,0.0,75,95,52,15.6,258,1.0,176.1,2.0,3.3925146198830416,20.860818713450293,6.571345029239766,49.485380116959064,8.642105263157895,-0.4374853801169585,-2.514619883040936,-0.02865497076023349,1.2421052631578942,2.3608187134502927,-0.8000000000000007,0.3,0,18.5,6.6,7.4,0.7862166448321036,0.0,0.0,0.0,,,
2024-03-26,86,64,metric,93460,daily,11.5,19.5,4.5,7.8,3.96,0.0,78,97,55,15.6,283,1.1,110.1,1.3,3.3925146198830416,20.860818713450293,6.571345029239766,49.485380116959064,8.642105263157895,-0.5674853801169584,-5.514619883040936,2.071345029239766,0.8421052631578947,1.3608187134502927,-3.3,0.3,0,19.5,4.5,7.8,0.7862166448321036,0.0,0.0,0.0,,,
2024-03-27,87,64,metric,93460,daily,12.6,20.5,7.1,9.2,3.41,0.0,80,97,54,15.7,238,1.2,95.0,1.1,3.3925146198830416,20.860818713450293,6.571345029239766,49.485380116959064,8.642105263157895,-0.01748538011695855,-4.514619883040936,-0.5286549707602335,-0.5578947368421048,0.3608187134502927,-2.0999999999999996,0.3,0,20.5,7.1,9.2,0.7862166448321036,0.0,0.0,0.0,,,
2024-03-28,88,64,metric,93460,daily,12.7,19.7,6.9,8.6,3.31,0.0,76,97,56,15.8,222,1.1,110.7,1.3,3.3925146198830416,20.860818713450293,6.571345029239766,49.485380116959064,8.642105263157895,0.08251461988304154,-6.514619883040936,-0.3286549707602342,0.04210526315789487,1.1608187134502934,-1.6999999999999993,0.3,0,19.7,6.9,8.6,0.7862166448321036,0.0,0.0,0.0,,,
2024-03-29,89,64,metric,93460,daily,9.7,16.6,2.5,6.7,2.23,34.2,81,98,49,15.8,168,1.0,157.2,1.8,3.3925146198830416,20.860818713450293,6.571345029239766,49.485380116959064,8.642105263157895,1.1625146198830416,0.4853801169590639,4.071345029239766,1.9421052631578943,4.260818713450291,-4.2,0.3,0,16.6,2.5,6.7,0.7862166448321036,0.0,0.0,0.0,,,
2024-03-30,90,64,metric,93460,daily,10.3,14.3,5.6,8.0,1.91,17.3,85,99,72,15.3,153,1.1,154.7,1.8,3.3925146198830416,20.860818713450293,6.571345029239766,49.485380116959064,8.642105263157895,1.4825146198830417,-22.514619883040936,0.9713450292397665,0.6421052631578945,6.560818713450292,-2.4000000000000004,0.3,0,14.3,5.6,8.0,0.7862166448321036,0.0,0.0,0.0,,,
2024-03-31,91,64,metric,93460,daily,11.8,16.7,7.6,8.6,2.15,2.5,81,96,58,15.1,167,1.1,127.5,1.5,3.3925146198830416,20.860818713450293,6.571345029239766,49.485380116959064,8.642105263157895,1.2425146198830417,-8.514619883040936,-1.0286549707602335,0.04210526315789487,4.160818713450293,-1.0,0.3,0,16.7,7.6,8.6,0.7862166448321036,0.0,0.0,0.0,0.0,0.0,0.0
2024-04-01,92,64,metric,93460,daily,12.9,21.2,7.1,9.1,4.06,0.0,78,98,51,15.0,277,1.2,105.5,1.2,3.3925146198830416,20.860818713450293,6.571345029239766,49.485380116959064,8.642105263157895,-0.667485380116958,-1.514619883040936,-0.5286549707602335,-0.45789473684210513,-0.3391812865497066,-2.0,0.3,0,21.2,7.1,9.1,0.7862166448321036,0.0,0.0,0.0,,,
2024-04-02,93,64,metric,93460,daily,13.6,25.8,4.3,8.6,4.55,0.1,72,99,30,15.3,294,1.1,95.8,1.1,3.3925146198830416,20.860818713450293,6.571345029239766,49.485380116959064,8.642105263157895,-1.1574853801169582,19.485380116959064,2.2713450292397663,0.04210526315789487,-4.939181286549708,-4.3,0.3,0,25.8,4.3,8.6,0.7862166448321036,0.0,0.0,0.0,,,
2024-04-03,94,64,metric,93460,daily,12.1,20.9,6.6,9.8,3.84,0.1,86,100,63,15.5,273,1.2,108.0,1.3,3.3925146198830416,20.860818713450293,6.571345029239766,49.485380116959064,8.642105263157895,-0.44748538011695826,-13.514619883040936,-0.02865497076023349,-1.1578947368421062,-0.039181286549705874,-3.200000000000001,0.3,0,20.9,6.6,9.8,0.7862166448321036,0.0,0.0,0.0,,,
2024-04-04,95,64,metric,93460,daily,9.8,15.9,5.2,6.9,1.76,3.4,82,98,60,15.8,144,1.0,115.3,1.3,3.3925146198830416,20.860818713450293,6.571345029239766,49.485380116959064,8.642105263157895,1.6325146198830416,-10.514619883040936,1.371345029239766,1.7421052631578942,4.960818713450292,-1.7000000000000002,0.3,0,15.9,5.2,6.9,0.7862166448321036,0.0,0.0,0.0,,,
2024-04-05,96,64,metric,93460,daily,7.6,11.9,3.3,4.8,2.16,8.7,83,96,61,15.5,187,0.9,144.7,1.7,3.3925146198830416,20.860818713450293,6.571345029239766,49.485380116959064,8.642105263157895,1.2325146198830415,-11.514619883040936,3.2713450292397663,3.8421052631578947,8.960818713450292,-1.5,0.3,0,11.9,3.3,4.8,0.7862166448321036,0.0,0.0,0.0,,,
2024-04-06,97,64,metric,93460,daily,8.8,17.8,2.0,4.1,4.16,0.0,72,97,43,14.9,306,0.8,104.5,1.2,3.3925146198830416,20.860818713450293,6.571345029239766,49.485380116959064,8.642105263157895,-0.7674853801169585,6.485380116959064,4.571345029239766,4.542105263157895,3.060818713450292,-2.0999999999999996,0.3,0,17.8,2.0,4.1,0.7862166448321036,0.0,0.0,0.0,,,
2024-04-07,98,64,metric,93460,daily,9.3,19.3,1.3,4.9,4.3,0.0,74,99,43,14.7,295,0.9,145.2,1.7,3.3925146198830416,20.860818713450293,6.571345029239766,49.485380116959064,8.642105263157895,-0.9074853801169582,6.485380116959064,5.271345029239766,3.742105263157894,1.560818713450292,-3.6000000000000005,0.3,0,19.3,1.3,4.9,0.7862166448321036,0.0,0.0,0.0,,,
2024-04-08,99,64,metric,93460,daily,12.1,21.3,3.5,6.1,4.42,0.0,67,96,43,14.7,286,0.9,130.6,1.5,3.3925146198830416,20.860818713450293,6.571345029239766,49.485380116959064,8.642105263157895,-1.0274853801169583,6.485380116959064,3.071345029239766,2.542105263157895,-0.439181286549708,-2.5999999999999996,0.3,0,21.3,3.5,6.1,0.7862166448321036,0.0,0.0,0.0,,,
2024-04-09,100,64,metric,93460,daily,13.2,26.5,1.3,5.8,5.03,0.0,61,98,21,14.8,310,0.9,102.6,1.2,3.3925146198830416,20.860818713450293,6.571345029239766,49.485380116959064,8.642105263157895,-1.6374853801169587,28.485380116959064,5.271345029239766,2.8421052631578947,-5.639181286549707,-4.5,0.3,0,26.5,1.3,5.8,0.7862166448321036,0.0,0.0,0.0,,,
2024-04-10,101,64,metric,93460,daily,15.5,28.5,4.7,9.4,5.0,0.0,67,99,29,14.9,307,1.2,84.3,1.0,3.3925146198830416,20.860818713450293,6.571345029239766,49.485380116959064,8.642105263157895,-1.6074853801169584,20.485380116959064,1.871345029239766,-0.7578947368421058,-7.639181286549707,-4.7,0.3,0,28.5,4.7,9.4,0.7862166448321036,0.0,0.0,0.0,,,
2024-04-11,102,64,metric,93460,daily,16.5,29.1,5.7,11.0,5.14,0.0,70,98,34,15.3,311,1.3,83.1,1.0,3.3925146198830416,20.860818713450293,6.571345029239766,49.485380116959064,8.642105263157895,-1.747485380116958,15.485380116959064,0.871345029239766,-2.3578947368421055,-8.239181286549709,-5.3,0.3,0,29.1,5.7,11.0,0.7862166448321036,0.0,0.0,0.0,,,
2024-04-12,103,64,metric,93460,daily,12.6,18.4,6.9,9.1,4.19,0.1,79,99,65,15.7,281,1.2,200.3,2.3,3.3925146198830416,20.860818713450293,6.571345029239766,49.485380116959064,8.642105263157895,-0.7974853801169588,-15.514619883040936,-0.3286549707602342,-0.45789473684210513,2.460818713450294,-2.1999999999999993,0.3,0,18.4,6.9,9.1,0.7862166448321036,0.0,0.0,0.0,,,
2024-04-13,104,64,metric,93460,daily,10.5,14.5,5.8,7.3,1.36,22.6,81,93,66,15.7,103,1.0,201.1,2.3,3.3925146198830416,20.860818713450293,6.571345029239766,49.485380116959064,8.642105263157895,2.0325146198830417,-16.514619883040936,0.7713450292397663,1.3421052631578947,6.360818713450293,-1.5,0.3,0,14.5,5.8,7.3,0.7862166448321036,0.0,0.0,0.0,,,
2024-04-14,105,64,metric,93460,daily,11.5,16.4,7.6,8.8,2.91,10.2,83,94,68,15.3,216,1.1,127.8,1.5,3.3925146198830416,20.860818713450293,6.571345029239766,49.485380116959064,8.642105263157895,0.48251461988304145,-18.514619883040936,-1.0286549707602335,-0.1578947368421062,4.460818713450294,-1.200000000000001,0.3,0,16.4,7.6,8.8,0.7862166448321036,0.0,0.0,0.0,,,
2024-04-15,106,64,metric,93460,daily,13.5,22.4,7.4,8.6,4.62,0.0,73,96,42,15.2,304,1.1,118.7,1.4,3.3925146198830416,20.860818713450293,6.571345029239766,49.485380116959064,8.642105263157895,-1.2274853801169585,7.485380116959064,-0.8286549707602342,0.04210526315789487,-1.5391812865497059,-1.1999999999999993,0.3,0,22.4,7.4,8.6,0.7862166448321036,0.0,0.0,0.0,,,
2024-04-16,107,64,metric,93460,daily,13.7,24.7,5.1,10.0,4.81,0.0,78,99,46,15.4,312,1.2,102.1,1.2,3.3925146198830416,20.860818713450293,6.571345029239766,49.485380116959064,8.642105263157895,-1.417485380116958,3.485380116959064,1.4713450292397665,-1.3578947368421055,-3.8391812865497066,-4.9,0.3,0,24.7,5.1,10.0,0.7862166448321036,0.0,0.0,0.0,,,
2024-04-17,108,64,metric,93460,daily,15.9,26.8,7.5,11.7,4.85,0.1,76,99,47,15.6,298,1.4,87.4,1.0,3.3925146198830416,20.860818713450293,6.571345029239766,49.485380116959064,8.642105263157895,-1.457485380116958,2.485380116959064,-0.9286549707602338,-3.0578947368421048,-5.939181286549708,-4.199999999999999,0.3,0,26.8,7.5,11.7,0.7862166448321036,0.0,0.0,0.0,,,
2024-04-18,109,64,metric,93460,daily,15.6,24.3,9.7,12.2,4.81,0.0,81,99,52,16.1,303,1.4,100.8,1.2,3.3925146198830416,20.860818713450293,6.571345029239766,49.485380116959064,8.642105263157895,-1.417485380116958,-2.514619883040936,-3.128654970760233,-3.5578947368421048,-3.439181286549708,-2.5,0.3,0,24.3,9.7,12.2,0.7862166448321036,0.0,0.0,0.0,,,
2024-04-19,110,64,metric,93460,daily,14.4,21.2,11.7,11.3,3.87,0.0,82,98,59,16.4,265,1.3,104.5,1.2,3.3925146198830416,20.860818713450293,6.571345029239766,49.485380116959064,8.642105263157895,-0.4774853801169585,-9.514619883040936,-5.128654970760233,-2.657894736842106,-0.3391812865497066,0.3999999999999986,0.3,0,21.2,11.7,11.3,0.7862166448321036,0.0,0.0,0.0,,,
2024-04-20,111,64,metric,93460,daily,14.1,23.3,8.9,11.3,3.55,0.0,83,97,62,16.7,242,1.3,93.7,1.1,3.3925146198830416,20.860818713450293,6.571345029239766,49.485380116959064,8.642105263157895,-0.15748538011695823,-12.514619883040936,-2.328654970760234,-2.657894736842106,-2.439181286549708,-2.4000000000000004,0.3,0,23.3,8.9,11.3,0.7862166448321036,0.0,0.0,0.0,,,
2024-04-21,112,64,metric,93460,daily,15.7,27.6,8.8,12.0,4.75,0.1,79,99,49,16.8,296,1.4,94.2,1.1,3.3925146198830416,20.860818713450293,6.571345029239766,49.485380116959064,8.642105263157895,-1.3574853801169584,0.4853801169590639,-2.2286549707602346,-3.3578947368421055,-6.739181286549709,-3.1999999999999993,0.3,0,27.6,8.8,12.0,0.7862166448321036,0.0,0.0,0.0,,,
2024-04-22,113,64,metric,93460,daily,13.5,20.1,10.6,11.4,2.11,0.0,87,98,72,17.1,158,1.3,88.5,1.0,3.3925146198830416,20.860818713450293,6.571345029239766,49.485380116959064,8.642105263157895,1.2825146198830417,-22.514619883040936,-4.0286549707602335,-2.757894736842106,0.7608187134502913,-0.8000000000000007,0.3,0,20.1,10.6,11.4,0.7862166448321036,0.0,0.0,0.0,,,
2024-04-23,114,64,metric,93460,daily,13.1,20.9,7.0,9.5,3.21,0.5,79,98,54,17.1,226,1.2,86.3,1.0,3.3925146198830416,20.860818713450293,6.571345029239766,49.485380116959064,8.642105263157895,0.18251461988304163,-4.514619883040936,-0.42865497076023384,-0.8578947368421055,-0.039181286549705874,-2.5,0.3,0,20.9,7.0,9.5,0.7862166448321036,0.0,0.0,0.0,,,
2024-04-24,115,64,metric,93460,daily,12.5,20.6,6.2,8.6,3.79,0.0,77,97,58,17.0,255,1.1,129.7,1.5,3.3925146198830416,20.860818713450293,6.571345029239766,49.485380116959064,8.642105263157895,-0.39748538011695844,-8.514619883040936,0.371345029239766,0.04210526315789487,0.2608187134502913,-2.3999999999999995,0.3,0,20.6,6.2,8.6,0.7862166448321036,0.0,0.0,0.0,,,
2024-04-25,116,64,metric,93460,daily,13.6,18.0,11.2,9.7,1.58,0.0,77,89,60,17.0,119,1.2,156.4,1.8,3.3925146198830416,20.860818713450293,6.571345029239766,49.485380116959064,8.642105263157895,1.8125146198830415,-10.514619883040936,-4.628654970760233,-1.0578947368421048,2.8608187134502927,1.5,0.3,0,18.0,11.2,9.7,0.7862166448321036,0.0,0.0,0.0,,,
2024-04-26,117,64,metric,93460,daily,14.6,21.2,10.4,9.6,5.28,0.0,72,92,53,16.8,323,1.2,254.8,2.9,3.3925146198830416,20.860818713450293,6.571345029239766,49.485380116959064,8.642105263157895,-1.8874853801169587,-3.514619883040936,-3.828654970760234,-0.9578947368421051,-0.3391812865497066,0.8000000000000007,0.3,0,21.2,10.4,9.6,0.7862166448321036,0.0,0.0,0.0,,,
2024-04-27,118,64,metric,93460,daily,14.3,23.2,7.7,8.8,5.53,0.0,70,96,41,16.8,333,1.1,192.8,2.2,3.3925146198830416,20.860818713450293,6.571345029239766,49.485380116959064,8.642105263157895,-2.1374853801169587,8.485380116959064,-1.128654970760234,-0.1578947368421062,-2.3391812865497066,-1.1000000000000005,0.3,0,23.2,7.7,8.8,0.7862166448321036,0.0,0.0,0.0,,,
2024-04-28,119,64,metric,93460,daily,14.4,23.9,7.3,9.9,5.06,0.0,74,97,52,17.0,316,1.2,143.1,1.7,3.3925146198830416,20.860818713450293,6.571345029239766,49.485380116959064,8.642105263157895,-1.667485380116958,-2.514619883040936,-0.7286549707602337,-1.2578947368421058,-3.039181286549706,-2.6000000000000005,0.3,0,23.9,7.3,9.9,0.7862166448321036,0.0,0.0,0.0,,,
2024-04-29,120,64,metric,93460,daily,14.3,23.9,5.5,8.8,5.4,0.0,69,98,48,17.2,333,1.1,147.7,1.7,3.3925146198830416,20.860818713450293,6.571345029239766,49.485380116959064,8.642105263157895,-2.0074853801169588,1.485380116959064,1.0713450292397662,-0.1578947368421062,-3.039181286549706,-3.3000000000000007,0.3,0,23.9,5.5,8.8,0.7862166448321036,0.0,0.0,0.0,,,
2024-04-30,121,64,metric,93460,daily,13.7,24.7,4.3,7.6,5.57,0.0,67,97,40,17.3,342,1.0,145.2,1.7,3.3925146198830416,20.860818713450293,6.571345029239766,49.485380116959064,8.642105263157895,-2.1774853801169587,9.485380116959064,2.2713450292397663,1.0421052631578949,-3.8391812865497066,-3.3,0.3,0,24.7,4.3,7.6,0.7862166448321036,0.0,0.0,0.0,0.0,0.0,0.0
2024-05-01,122,64,metric,93460,daily,14.9,29.7,6.1,6.4,5.68,0.0,57,99,17,17.4,329,1.0,135.2,1.6,3.3925146198830416,20.860818713450293,6.571345029239766,49.485380116959064,8.642105263157895,-2.287485380116958,32.485380116959064,0.4713450292397665,2.242105263157894,-8.839181286549707,-0.3000000000000007,0.3,0,29.7,6.1,6.4,0.7862166448321036,0.0,0.0,0.0,,,
2024-05-02,123,64,metric,93460,daily,14.0,26.7,3.0,7.9,5.78,0.0,67,97,34,17.5,340,1.1,147.5,1.7,3.3925146198830416,20.860818713450293,6.571345029239766,49.485380116959064,8.642105263157895,-2.3874853801169587,15.485380116959064,3.571345029239766,0.7421052631578942,-5.839181286549707,-4.9,0.3,0,26.7,3.0,7.9,0.7862166448321036,0.0,0.0,0.0,,,
2024-05-03,124,64,metric,93460,daily,14.0,22.3,9.4,10.4,4.82,0.0,79,96,53,17.7,309,1.3,139.4,1.6,3.3925146198830416,20.860818713450293,6.571345029239766,49.485380116959064,8.642105263157895,-1.4274853801169587,-3.514619883040936,-2.828654970760234,-1.7578947368421058,-1.439181286549708,-1.0,0.3,0,22.3,9.4,10.4,0.7862166448321036,0.0,0.0,0.0,,,
2024-05-04,125,64,metric,93460,daily,12.6,18.1,8.9,10.0,2.61,1.6,84,97,63,17.8,183,1.2,137.6,1.6,3.3925146198830416,20.860818713450293,6.571345029239766,49.485380116959064,8.642105263157895,0.7825146198830417,-13.514619883040936,-2.328654970760234,-1.3578947368421055,2.7608187134502913,-1.0999999999999996,0.3,0,18.1,8.9,10.0,0.7862166448321036,0.0,0.0,0.0,,,
2024-05-05,126,64,metric,93460,daily,11.4,19.6,4.5,5.2,5.47,0.0,66,98,34,17.6,346,0.9,209.4,2.4,3.3925146198830416,20.860818713450293,6.571345029239766,49.485380116959064,8.642105263157895,-2.077485380116958,15.485380116959064,2.071345029239766,3.4421052631578943,1.2608187134502913,-0.7000000000000002,0.3,0,19.6,4.5,5.2,0.7862166448321036,0.0,0.0,0.0,,,
2024-05-06,127,64,metric,93460,daily,12.5,25.1,2.0,5.6,5.64,0.0,63,98,30,17.3,348,0.9,133.6,1.5,3.3925146198830416,20.860818713450293,6.571345029239766,49.485380116959064,8.642105263157895,-2.247485380116958,19.485380116959064,4.571345029239766,3.042105263157895,-4.239181286549709,-3.5999999999999996,0.3,0,25.1,2.0,5.6,0.7862166448321036,0.0,0.0,0.0,,,
2024-05-07,128,64,metric,93460,daily,12.3,25.5,2.7,7.1,5.55,0.0,71,98,38,17.3,346,1.0,147.7,1.7,3.3925146198830416,20.860818713450293,6.571345029239766,49.485380116959064,8.642105263157895,-2.1574853801169582,11.485380116959064,3.871345029239766,1.5421052631578949,-4.639181286549707,-4.3999999999999995,0.3,0,25.5,2.7,7.1,0.7862166448321036,0.0,0.0,0.0,,,
2024-05-08,129,64,metric,93460,daily,14.5,28.0,5.3,7.9,5.78,0.0,65,99,31,17.4,338,1.1,121.7,1.4,3.3925146198830416,20.860818713450293,6.571345029239766,49.485380116959064,8.642105263157895,-2.3874853801169587,18.485380116959064,1.2713450292397663,0.7421052631578942,-7.139181286549707,-2.6000000000000005,0.3,0,28.0,5.3,7.9,0.7862166448321036,0.0,0.0,0.0,,,
2024-05-09,130,64,metric,93460,daily,15.0,26.1,4.4,10.0,5.64,0.0,72,98,42,17.6,341,1.2,112.7,1.3,3.3925146198830416,20.860818713450293,6.571345029239766,49.485380116959064,8.642105263157895,-2.247485380116958,7.485380116959064,2.171345029239766,-1.3578947368421055,-5.239181286549709,-5.6,0.3,0,26.1,4.4,10.0,0.7862166448321036,0.0,0.0,0.0,,,
2024-05-10,131,64,metric,93460,daily,15.3,26.4,6.4,11.4,5.47,0.0,78,98,53,17.9,332,1.3,125.3,1.5,3.3925146198830416,20.860818713450293,6.571345029239766,49.485380116959064,8.642105263157895,-2.077485380116958,-3.514619883040936,0.1713450292397658,-2.757894736842106,-5.539181286549706,-5.0,0.3,0,26.4,6.4,11.4,0.7862166448321036,0.0,0.0,0.0,,,
2024-05-11,132,64,metric,93460,daily,16.6,28.7,8.9,11.7,5.59,0.0,73,99,43,18.2,324,1.4,131.9,1.5,3.3925146198830416,20.860818713450293,6.571345029239766,49.485380116959064,8.642105263157895,-2.1974853801169583,6.485380116959064,-2.328654970760234,-3.0578947368421048,-7.839181286549707,-2.799999999999999,0.3,0,28.7,8.9,11.7,0.7862166448321036,0.0,0.0,0.0,,,
2024-05-12,133,64,metric,93460,daily,15.5,25.0,10.0,11.7,5.17,0.0,78,99,50,18.6,319,1.4,141.9,1.6,3.3925146198830416,20.860818713450293,6.571345029239766,49.485380116959064,8.642105263157895,-1.7774853801169583,-0.5146198830409361,-3.428654970760234,-3.0578947368421048,-4.139181286549707,-1.6999999999999993,0.3,0,25.0,10.0,11.7,0.7862166448321036,0.0,0.0,0.0,,,
2024-05-13,134,64,metric,93460,daily,14.5,22.7,11.1,11.2,3.84,0.0,81,94,58,18.8,252,1.3,133.3,1.5,3.3925146198830416,20.860818713450293,6.571345029239766,49.485380116959064,8.642105263157895,-0.44748538011695826,-8.514619883040936,-4.5286549707602335,-2.5578947368421048,-1.8391812865497066,-0.09999999999999964,0.3,0,22.7,11.1,11.2,0.7862166448321036,0.0,0.0,0.0,,,
2024-05-14,135,64,metric,93460,daily,14.4,22.8,10.4,10.6,4.29,0.0,78,96,55,18.9,277,1.3,127.1,1.5,3.3925146198830416,20.860818713450293,6.571345029239766,49.485380116959064,8.642105263157895,-0.8974853801169584,-5.514619883040936,-3.828654970760234,-1.9578947368421051,-1.939181286549708,-0.1999999999999993,0.3,0,22.8,10.4,10.6,0.7862166448321036,0.0,0.0,0.0,,,
2024-05-15,136,64,metric,93460,daily,14.8,23.0,10.9,11.0,3.98,0.0,78,96,55,18.9,260,1.3,127.0,1.5,3.3925146198830416,20.860818713450293,6.571345029239766,49.485380116959064,8.642105263157895,-0.5874853801169584,-5.514619883040936,-4.328654970760234,-2.3578947368421055,-2.1391812865497073,-0.09999999999999964,0.3,0,23.0,10.9,11.0,0.7862166448321036,0.0,0.0,0.0,,,
2024-05-16,137,64,metric,93460,daily,15.2,24.5,11.1,11.5,4.13,0.0,79,96,55,19.0,269,1.4,134.2,1.6,3.3925146198830416,20.860818713450293,6.571345029239766,49.485380116959064,8.642105263157895,-0.7374853801169583,-5.514619883040936,-4.5286549707602335,-2.8578947368421055,-3.6391812865497073,-0.40000000000000036,0.3,0,24.5,11.1,11.5,0.7862166448321036,0.0,0.0,0.0,,,
2024-05-17,138,64,metric,93460,daily,16.0,24.3,11.5,11.7,4.9,0.0,75,91,55,19.1,306,1.4,125.0,1.4,3.3925146198830416,20.860818713450293,6.571345029239766,49.485380116959064,8.642105263157895,-1.5074853801169588,-5.514619883040936,-4.928654970760234,-3.0578947368421048,-3.439181286549708,-0.1999999999999993,0.3,0,24.3,11.5,11.7,0.7862166448321036,0.0,0.0,0.0,,,
2024-05-18,139,64,metric,93460,daily,15.1,21.3,12.3,11.5,3.88,0.0,79,93,62,19.3,247,1.4,130.4,1.5,3.3925146198830416,20.860818713450293,6.571345029239766,49.485380116959064,8.642105263157895,-0.4874853801169583,-12.514619883040936,-5.7286549707602346,-2.8578947368421055,-0.439181286549708,0.8000000000000007,0.3,0,21.3,12.3,11.5,0.7862166448321036,0.0,0.0,0.0,,,
2024-05-19,140,64,metric,93460,daily,14.9,22.8,11.2,10.9,4.28,0.1,77,96,56,19.4,275,1.3,131.2,1.5,3.3925146198830416,20.860818713450293,6.571345029239766,49.485380116959064,8.642105263157895,-0.8874853801169587,-6.514619883040936,-4.628654970760233,-2.257894736842106,-1.939181286549708,0.29999999999999893,0.3,0,22.8,11.2,10.9,0.7862166448321036,0.0,0.0,0.0,,,
2024-05-20,141,64,metric,93460,daily,13.9,20.7,10.5,9.0,4.58,0.0,72,90,50,19.4,298,1.1,138.5,1.6,3.3925146198830416,20.860818713450293,6.571345029239766,49.485380116959064,8.642105263157895,-1.1874853801169585,-0.5146198830409361,-3.928654970760234,-0.3578947368421055,0.16081871345029342,1.5,0.3,0,20.7,10.5,9.0,0.7862166448321036,0.0,0.0,0.0,,,
2024-05-21,142,64,metric,93460,daily,14.9,24.5,10.5,10.2,4.69,0.0,74,93,50,19.4,293,1.2,122.5,1.4,3.3925146198830416,20.860818713450293,6.571345029239766,49.485380116959064,8.642105263157895,-1.2974853801169588,-0.5146198830409361,-3.928654970760234,-1.5578947368421048,-3.6391812865497073,0.3000000000000007,0.3,0,24.5,10.5,10.2,0.7862166448321036,0.0,0.0,0.0,,,
2024-05-22,143,64,metric,93460,daily,14.5,23.5,10.0,10.6,4.96,0.0,77,96,50,19.5,313,1.3,141.7,1.6,3.3925146198830416,20.860818713450293,6.571345029239766,49.485380116959064,8.642105263157895,-1.5674853801169584,-0.5146198830409361,-3.428654970760234,-1.9578947368421051,-2.6391812865497073,-0.5999999999999996,0.3,0,23.5,10.0,10.6,0.7862166448321036,0.0,0.0,0.0,,,
2024-05-23,144,64,metric,93460,daily,14.1,23.1,9.9,10.3,4.24,0.0,78,96,55,19.6,276,1.3,131.0,1.5,3.3925146198830416,20.860818713450293,6.571345029239766,49.485380116959064,8.642105263157895,-0.8474853801169586,-5.514619883040936,-3.328654970760234,-1.6578947368421062,-2.2391812865497087,-0.40000000000000036,0.3,0,23.1,9.9,10.3,0.7862166448321036,0.0,0.0,0.0,,,
2024-05-24,145,64,metric,93460,daily,13.9,21.4,9.8,8.8,4.8,0.1,71,95,48,19.6,306,1.1,135.5,1.6,3.3925146198830416,20.860818713450293,6.571345029239766,49.485380116959064,8.642105263157895,-1.4074853801169582,1.485380116959064,-3.2286549707602346,-0.1578947368421062,-0.5391812865497059,1.0,0.3,0,21.4,9.8,8.8,0.7862166448321036,0.0,0.0,0.0,,,
2024-05-25,146,64,metric,93460,daily,15.1,22.4,9.8,10.0,5.37,0.0,71,92,52,19.6,335,1.2,162.1,1.9,3.3925146198830416,20.860818713450293,6.571345029239766,49.485380116959064,8.642105263157895,-1.9774853801169585,-2.514619883040936,-3.2286549707602346,-1.3578947368421055,-1.5391812865497059,-0.1999999999999993,0.3,0,22.4,9.8,10.0,0.7862166448321036,0.0,0.0,0.0,,,
2024-05-26,147,64,metric,93460,daily,14.0,22.2,9.6,9.9,4.26,0.0,76,95,54,19.7,277,1.2,129.7,1.5,3.3925146198830416,20.860818713450293,6.571345029239766,49.485380116959064,8.642105263157895,-0.8674853801169582,-4.514619883040936,-3.0286549707602335,-1.2578947368421058,-1.3391812865497066,-0.3000000000000007,0.3,0,22.2,9.6,9.9,0.7862166448321036,0.0,0.0,0.0,,,
2024-05-27,148,64,metric,93460,daily,14.9,24.8,10.7,10.7,4.78,0.0,76,91,51,19.8,300,1.3,126.5,1.5,3.3925146198830416,20.860818713450293,6.571345029239766,49.485380116959064,8.642105263157895,-1.3874853801169587,-1.514619883040936,-4.128654970760233,-2.0578947368421048,-3.939181286549708,0.0,0.3,0,24.8,10.7,10.7,0.7862166448321036,0.0,0.0,0.0,,,
2024-05-28,149,64,metric,93460,daily,14.6,23.5,10.1,10.8,4.78,0.0,78,95,54,19.9,303,1.3,127.7,1.5,3.3925146198830416,20.860818713450293,6.571345029239766,49.485380116959064,8.642105263157895,-1.3874853801169587,-4.514619883040936,-3.5286549707602335,-2.157894736842106,-2.6391812865497073,-0.7000000000000011,0.3,0,23.5,10.1,10.8,0.7862166448321036,0.0,0.0,0.0,,,
2024-05-29,150,64,metric,93460,daily,15.2,23.9,8.4,10.5,5.63,0.0,73,97,52,20.0,347,1.3,132.1,1.5,3.3925146198830416,20.860818713450293,6.571345029239766,49.485380116959064,8.642105263157895,-2.2374853801169583,-2.514619883040936,-1.8286549707602342,-1.8578947368421055,-3.039181286549706,-2.0999999999999996,0.3,0,23.9,8.4,10.5,0.7862166448321036,0.0,0.0,0.0,,,
2024-05-30,151,64,metric,93460,daily,16.3,27.3,8.3,11.1,5.95,0.0,71,99,42,20.2,349,1.3,126.9,1.5,3.3925146198830416,20.860818713450293,6.571345029239766,49.485380116959064,8.642105263157895,-2.5574853801169586,7.485380116959064,-1.7286549707602346,-2.457894736842105,-6.439181286549708,-2.799999999999999,0.3,0,27.3,8.3,11.1,0.7862166448321036,0.0,0.0,0.0,,,
2024-05-31,152,64,metric,93460,daily,16.2,25.9,10.4,11.9,5.44,0.0,76,97,52,20.4,331,1.4,132.5,1.5,3.3925146198830416,20.860818713450293,6.571345029239766,49.485380116959064,8.642105263157895,-2.047485380116959,-2.514619883040936,-3.828654970760234,-3.257894736842106,-5.039181286549706,-1.5,0.3,0,25.9,10.4,11.9,0.7862166448321036,0.0,0.0,0.0,0.0,0.0,0.0
2024-06-01,153,64,metric,93460,daily,14.1,21.2,10.9,10.6,3.97,0.0,79,96,57,20.7,266,1.3,130.6,1.5,3.3925146198830416,20.860818713450293,6.571345029239766,49.485380116959064,8.642105263157895,-0.5774853801169586,-7.514619883040936,-4.328654970760234,-1.9578947368421051,-0.3391812865497066,0.3000000000000007,0.3,0,21.2,10.9,10.6,0.7862166448321036,0.0,0.0,0.0,,,
2024-06-02,154,64,metric,93460,daily,15.0,22.1,11.3,11.0,4.99,0.0,77,93,58,20.6,315,1.3,141.0,1.6,3.3925146198830416,20.860818713450293,6.571345029239766,49.485380116959064,8.642105263157895,-1.5974853801169586,-8.514619883040936,-4.7286549707602346,-2.3578947368421055,-1.2391812865497087,0.3000000000000007,0.3,0,22.1,11.3,11.0,0.7862166448321036,0.0,0.0,0.0,,,
2024-06-03,155,64,metric,93460,daily,16.7,26.1,11.9,12.8,4.65,0.0,77,93,55,20.7,279,1.5,133.6,1.5,3.3925146198830416,20.860818713450293,6.571345029239766,49.485380116959064,8.642105263157895,-1.2574853801169588,-5.514619883040936,-5.328654970760234,-4.157894736842106,-5.239181286549709,-0.9000000000000004,0.3,0,26.1,11.9,12.8,0.7862166448321036,0.0,0.0,0.0,,,
2024-06-04,156,64,metric,93460,daily,19.5,28.4,11.9,13.7,5.79,0.0,69,97,47,20.8,333,1.6,110.1,1.3,3.3925146198830416,20.860818713450293,6.571345029239766,49.485380116959064,8.642105263157895,-2.3974853801169584,2.485380116959064,-5.328654970760234,-5.057894736842105,-7.539181286549706,-1.799999999999999,0.3,0,28.4,11.9,13.7,0.7862166448321036,0.0,0.0,0.0,,,
2024-06-05,157,64,metric,93460,daily,20.9,31.2,11.3,14.8,6.27,0.0,68,96,46,21.2,348,1.7,104.7,1.2,3.3925146198830416,20.860818713450293,6.571345029239766,49.485380116959064,8.642105263157895,-2.877485380116958,3.485380116959064,-4.7286549707602346,-6.157894736842106,-10.339181286549707,-3.5,0.3,0,31.2,11.3,14.8,0.7862166448321036,0.0,0.0,0.0,,,
2024-06-06,158,64,metric,93460,daily,19.8,30.4,12.2,14.6,6.05,0.0,72,96,49,21.7,343,1.7,122.6,1.4,3.3925146198830416,20.860818713450293,6.571345029239766,49.485380116959064,8.642105263157895,-2.6574853801169582,0.4853801169590639,-5.628654970760233,-5.957894736842105,-9.539181286549706,-2.4000000000000004,0.3,0,30.4,12.2,14.6,0.7862166448321036,0.0,0.0,0.0,,,
2024-06-07,159,64,metric,93460,daily,18.2,26.8,12.3,14.1,5.81,0.0,77,98,56,22.1,344,1.6,127.4,1.5,3.3925146198830416,20.860818713450293,6.571345029239766,49.485380116959064,8.642105263157895,-2.417485380116958,-6.514619883040936,-5.7286549707602346,-5.457894736842105,-5.939181286549708,-1.799999999999999,0.3,0,26.8,12.3,14.1,0.7862166448321036,0.0,0.0,0.0,,,
2024-06-08,160,64,metric,93460,daily,16.7,23.6,13.1,13.2,4.79,0.0,80,96,62,22.3,296,1.5,133.1,1.5,3.3925146198830416,20.860818713450293,6.571345029239766,49.485380116959064,8.642105263157895,-1.3974853801169584,-12.514619883040936,-6.5286549707602335,-4.557894736842105,-2.7391812865497087,-0.09999999999999964,0.3,0,23.6,13.1,13.2,0.7862166448321036,0.0,0.0,0.0,,,
2024-06-09,161,64,metric,93460,daily,17.5,26.6,11.5,12.5,5.44,0.0,73,93,49,22.3,323,1.5,125.5,1.5,3.3925146198830416,20.860818713450293,6.571345029239766,49.485380116959064,8.642105263157895,-2.047485380116959,0.4853801169590639,-4.928654970760234,-3.8578947368421055,-5.739181286549709,-1.0,0.3,0,26.6,11.5,12.5,0.7862166448321036,0.0,0.0,0.0,,,
2024-06-10,162,64,metric,93460,daily,16.9,26.9,11.4,12.4,5.29,0.0,75,94,52,22.3,320,1.4,116.9,1.4,3.3925146198830416,20.860818713450293,6.571345029239766,49.485380116959064,8.642105263157895,-1.8974853801169584,-2.514619883040936,-4.828654970760234,-3.757894736842106,-6.039181286549706,-1.0,0.3,0,26.9,11.4,12.4,0.7862166448321036,0.0,0.0,0.0,,,
2024-06-11,163,64,metric,93460,daily,18.7,29.5,10.9,13.8,5.93,0.0,73,98,48,22.4,344,1.6,114.5,1.3,3.3925146198830416,20.860818713450293,6.571345029239766,49.485380116959064,8.642105263157895,-2.537485380116958,1.485380116959064,-4.328654970760234,-5.157894736842106,-8.639181286549707,-2.9000000000000004,0.3,0,29.5,10.9,13.8,0.7862166448321036,0.0,0.0,0.0,,,
2024-06-12,164,64,metric,93460,daily,18.4,27.4,12.8,14.2,5.7,0.0,77,96,53,22.6,339,1.6,118.7,1.4,3.3925146198830416,20.860818713450293,6.571345029239766,49.485380116959064,8.642105263157895,-2.3074853801169586,-3.514619883040936,-6.2286549707602346,-5.557894736842105,-6.539181286549706,-1.3999999999999986,0.3,0,27.4,12.8,14.2,0.7862166448321036,0.0,0.0,0.0,,,
2024-06-13,165,64,metric,93460,daily,17.9,25.8,12.4,13.5,5.38,0.0,75,93,54,22.9,323,1.5,116.3,1.3,3.3925146198830416,20.860818713450293,6.571345029239766,49.485380116959064,8.642105263157895,-1.9874853801169583,-4.514619883040936,-5.828654970760234,-4.8578947368421055,-4.939181286549708,-1.0999999999999996,0.3,0,25.8,12.4,13.5,0.7862166448321036,0.0,0.0,0.0,,,
2024-06-14,166,64,metric,93460,daily,17.4,27.3,9.4,12.0,5.66,0.0,71,94,46,23.0,335,1.4,112.5,1.3,3.3925146198830416,20.860818713450293,6.571345029239766,49.485380116959064,8.642105263157895,-2.2674853801169585,3.485380116959064,-2.828654970760234,-3.3578947368421055,-6.439181286549708,-2.5999999999999996,0.3,0,27.3,9.4,12.0,0.7862166448321036,0.0,0.0,0.0,,,
2024-06-15,167,64,metric,93460,daily,15.9,26.2,6.8,9.6,6.18,0.0,66,97,43,23.0,367,1.2,121.5,1.4,3.3925146198830416,20.860818713450293,6.571345029239766,49.485380116959064,8.642105263157895,-2.787485380116958,6.485380116959064,-0.22865497076023367,-0.9578947368421051,-5.339181286549707,-2.8,0.3,0,26.2,6.8,9.6,0.7862166448321036,0.0,0.0,0.0,,,
2024-06-16,168,64,metric,93460,daily,15.3,26.1,7.5,9.3,5.92,0.0,67,94,44,22.9,357,1.2,126.4,1.5,3.3925146198830416,20.860818713450293,6.571345029239766,49.485380116959064,8.642105263157895,-2.5274853801169583,5.485380116959064,-0.9286549707602338,-0.6578947368421062,-5.239181286549709,-1.8000000000000007,0.3,0,26.1,7.5,9.3,0.7862166448321036,0.0,0.0,0.0,,,
2024-06-17,169,64,metric,93460,daily,15.1,25.2,6.0,9.0,6.04,0.0,67,94,45,22.8,362,1.2,124.3,1.4,3.3925146198830416,20.860818713450293,6.571345029239766,49.485380116959064,8.642105263157895,-2.6474853801169584,4.485380116959064,0.5713450292397662,-0.3578947368421055,-4.339181286549707,-3.0,0.3,0,25.2,6.0,9.0,0.7862166448321036,0.0,0.0,0.0,,,
2024-06-18,170,64,metric,93460,daily,16.3,29.4,4.0,8.4,6.35,0.0,59,96,33,22.6,359,1.1,116.7,1.4,3.3925146198830416,20.860818713450293,6.571345029239766,49.485380116959064,8.642105263157895,-2.957485380116958,16.485380116959064,2.571345029239766,0.24210526315789416,-8.539181286549706,-4.4,0.3,0,29.4,4.0,8.4,0.7862166448321036,0.0,0.0,0.0,,,
2024-06-19,171,64,metric,93460,daily,15.5,26.2,7.7,9.8,5.68,0.0,69,96,40,22.7,339,1.2,118.9,1.4,3.3925146198830416,20.860818713450293,6.571345029239766,49.485380116959064,8.642105263157895,-2.287485380116958,9.485380116959064,-1.128654970760234,-1.1578947368421062,-5.339181286549707,-2.1000000000000005,0.3,0,26.2,7.7,9.8,0.7862166448321036,0.0,0.0,0.0,,,
